:020000040800F2
:1000000000500020B91800081D1500081F15000831
:100010002115000823150008251500080000000020
:10002000000000000000000000000000271500088C
:1000300029150008000000002B1500082D150008E8
:100040000119000801190008011900080119000828
:100050000119000801190008011900080119000818
:100060000119000801190008011900080119000808
:100070000119000801190008351500084515000888
:100080000119000801190008551500080119000898
:100090006515000801190008011900080119000878
:1000A00001190008011900080119000801190008C8
:1000B0000119000875150008011900080119000848
:1000C00001190008011900080119000801190008A8
:1000D0000119000885150008011900080119000818
:1000E00001190008011900080119000800000000AA
:1000F0000000000000000000000000000000000000
:0C01000000000000000000005FF808F1A3
:1001100081F0004102E000BF83F0004330B54FEAB8
:1001200041044FEA430594EA050F08BF90EA020F25
:100130001FBF54EA000C55EA020C7FEA645C7FEAB8
:10014000655C00F0E2804FEA5454D4EB5555B8BFDB
:100150006D420CDD2C4480EA020281EA030382EA4C
:10016000000083EA010180EA020281EA0303362DDE
:1001700088BF30BD11F0004F4FEA01314FF4801CB1
:100180004CEA113102D0404261EB410113F0004FC3
:100190004FEA03334CEA133302D0524263EB43037A
:1001A00094EA050F00F0A780A4F10104D5F1200E18
:1001B0000DDB02FA0EFC22FA05F2801841F1000173
:1001C00003FA0EF2801843FA05F359410EE0A5F147
:1001D00020050EF1200E012A03FA0EFC28BF4CF078
:1001E000020C43FA05F3C01851EBE37101F000452E
:1001F00007D54FF0000EDCF1000C7EEB00006EEB3B
:100200000101B1F5801F1BD3B1F5001F0CD34908C4
:100210005FEA30004FEA3C0C04F101044FEA44521B
:1002200012F5800F80F09A80BCF1004F08BF5FEAA2
:10023000500C50F1000041EB045141EA050130BD82
:100240005FEA4C0C404141EB0101013C28BFB1F594
:10025000801FE9D291F0000F04BF01460020B1FADF
:1002600081F308BF2033A3F10B03B3F120020CDAB2
:100270000C3208DD02F1140CC2F10C0201FA0CF090
:1002800021FA02F10CE002F11402D8BFC2F1200CF5
:1002900001FA02F120FA0CFCDCBF41EA0C019040AB
:1002A000E41AA2BF01EB0451294330BD6FEA0404F4
:1002B0001F3C1CDA0C340EDC04F11404C4F12002DF
:1002C00020FA04F001FA02F340EA030021FA04F3F1
:1002D00045EA030130BDC4F10C04C4F1200220FA48
:1002E00002F001FA04F340EA0300294630BD21FA86
:1002F00004F0294630BD94F0000F83F4801306BF4C
:1003000081F480110134013D4EE77FEA645C18BF3F
:100310007FEA655C29D094EA050F08BF90EA020FD6
:1003200005D054EA000C04BF1946104630BD91EACE
:10033000030F1EBF0021002030BD5FEA545C05D1D1
:100340004000494128BF41F0004130BD14F5800410
:100350003CBF01F5801130BD01F0004545F0FE4184
:1003600041F470014FF0000030BD7FEA645C1ABFB9
:10037000194610467FEA655C1CBF0B46024650EAF0
:10038000013406BF52EA033591EA030F41F400211C
:1003900030BD00BF90F0000F04BF0021704730B5A2
:1003A0004FF4806404F132044FF000054FF0000177
:1003B00050E700BF90F0000F04BF0021704730B538
:1003C0004FF4806404F1320410F0004548BF40420D
:1003D0004FF000013EE700BF42004FEAE2014FEA62
:1003E00031014FEA02701FBF12F07F4393F07F4F3D
:1003F00081F06051704732F07F4208BF704793F040
:100400007F4F04BF41F40021704730B54FF4607452
:1004100001F0004521F000411CE700BF50EA010255
:1004200008BF704730B54FF000050AE050EA0102FE
:1004300008BF704730B511F0004502D5404261EB6E
:1004400041014FF4806404F132045FEA915C3FF4AF
:10045000D8AE4FF003025FEADC0C18BF03325FEA4C
:10046000DC0C18BF033202EBDC02C2F1200300FAFD
:1004700003FC20FA02F001FA03FE40EA0E0021FA22
:1004800002F11444BDE600BF80F0004002E000BF6E
:1004900081F0004142001FBF5FEA410392EA030F6F
:1004A0007FEA226C7FEA236C6AD04FEA1262D2EBB9
:1004B0001363C1BFD218414048404140B8BF5B42BE
:1004C000192B88BF704710F0004F40F4000020F057
:1004D0007F4018BF404211F0004F41F4000121F06D
:1004E0007F4118BF494292EA030F3FD0A2F10102B7
:1004F00041FA03FC10EB0C00C3F1200301FA03F1F5
:1005000000F0004302D5494260EB4000B0F5000F17
:1005100013D3B0F1807F06D340084FEA310102F1D6
:100520000102FE2A51D2B1F1004F40EBC25008BF88
:1005300020F0010040EA03007047490040EB000052
:10054000013A28BFB0F5000FEDD2B0FA80FCACF153
:10055000080CB2EB0C0200FA0CF0AABF00EBC25080
:1005600052421843BCBFD0401843704792F0000F6E
:1005700081F4000106BF80F400000132013BB5E7C1
:100580004FEA41037FEA226C18BF7FEA236C21D037
:1005900092EA030F04D092F0000F08BF084670479C
:1005A00090EA010F1CBF0020704712F07F4F04D16A
:1005B000400028BF40F00040704712F100723CBF7D
:1005C00000F50000704700F0004343F0FE4040F4A7
:1005D000000070477FEA226216BF08467FEA236365
:1005E0000146420206BF5FEA412390EA010F40F450
:1005F000800070474FF0000304E000BF10F000439C
:1006000048BF40425FEA000C08BF704743F0964382
:1006100001464FF000001CE050EA010208BF70479D
:100620004FF000030AE000BF50EA010208BF704724
:1006300011F0004302D5404261EB41015FEA010C39
:1006400002BF84460146002043F0B64308BFA3F131
:100650008053A3F50003BCFA8CF2083AA3EBC25313
:1006600010DB01FA02FC634400FA02FCC2F1200232
:10067000BCF1004F20FA02F243EB020008BF20F069
:100680000100704702F1200201FA02FCC2F12002CF
:1006900050EA4C0021FA02F243EB020008BF20EAC4
:1006A000DC7070474FF0FF0C1CEAD0521EBF1CEAF2
:1006B000D15392EA0C0F93EA0C0F6FD01A4480EAE0
:1006C000010C400218BF5FEA41211ED04FF00063C9
:1006D00043EA501043EA5111A0FB01310CF00040F5
:1006E000B1F5000F3EBF490041EAD3715B0040EA1B
:1006F000010062F17F02FD2A1DD8B3F1004F40EBEB
:10070000C25008BF20F00100704790F0000F0CF0BD
:10071000004C08BF49024CEA502040EA51207F3A81
:10072000C2BFD2F1FF0340EAC250704740F400005C
:100730004FF00003013A5DDC12F1190FDCBF00F04D
:1007400000407047C2F10002410021FA02F1C2F1FB
:10075000200200FA02FC5FEA310040F1000053EA97
:100760004C0308BF20EADC70704792F0000F00F0E5
:10077000004C02BF400010F4000F013AF9D040EAEB
:100780000C0093F0000F01F0004C02BF490011F47F
:10079000000F013BF9D041EA0C018FE70CEAD1537D
:1007A00092EA0C0F18BF93EA0C0F0AD030F0004CFD
:1007B00018BF31F0004CD8D180EA010000F00040B1
:1007C000704790F0000F17BF90F0004F084691F06F
:1007D000000F91F0004F14D092EA0C0F01D14202A9
:1007E0000FD193EA0C0F03D14B0218BF084608D172
:1007F00080EA010000F0004040F0FE4040F40000BC
:10080000704740F0FE4040F4400070474FF0FF0C4E
:100810001CEAD0521EBF1CEAD15392EA0C0F93EA95
:100820000C0F69D0A2EB030280EA010C49024FEAE7
:10083000402037D04FF0805343EA111143EA1013A0
:100840000CF000408B4238BF5B0042F17D024FF458
:10085000000C8B4224BF5B1A40EA0C00B3EB510F33
:1008600024BFA3EB510340EA5C00B3EB910F24BF1C
:10087000A3EB910340EA9C00B3EBD10F24BFA3EBA1
:10088000D10340EADC001B0118BF5FEA1C1CE0D169
:10089000FD2A3FF650AF8B4240EBC25008BF20F01C
:1008A000010070470CF0004C4CEA50207F32C2BF70
:1008B000D2F1FF0340EAC250704740F400004FF00D
:1008C0000003013A37E792F0000F00F0004C02BF3E
:1008D000400010F4000F013AF9D040EA0C0093F008
:1008E000000F01F0004C02BF490011F4000F013B62
:1008F000F9D041EA0C0195E70CEAD15392EA0C0FCA
:1009000008D142027FF47DAF93EA0C0F7FF470AF01
:10091000084676E793EA0C0F04D14B023FF44CAF44
:1009200008466EE730F0004C18BF31F0004CCAD1D9
:1009300030F000427FF45CAF31F000437FF43CAF15
:100940005FE700BF4FF0FF3C06E000BF4FF0010C37
:1009500002E000BF4FF0010C4DF804CD4FEA400219
:100960004FEA41037FEA226C18BF7FEA236C11D063
:1009700001B052EA530C18BF90EA010F58BFB2EB16
:10098000030088BFC81738BF6FEAE17018BF40F096
:10099000010070477FEA226C02D15FEA402C05D14A
:1009A0007FEA236CE4D15FEA412CE1D05DF8040BCF
:1009B000704700BF844608466146FFE70FB5FFF762
:1009C000C9FF002848BF10F1000F0FBD4DF808ED1A
:1009D000FFF7F4FF0CBF012000205DF808FB00BF0B
:1009E0004DF808EDFFF7EAFF34BF012000205DF865
:1009F00008FB00BF4DF808EDFFF7E0FF94BF0120B2
:100A000000205DF808FB00BF4DF808EDFFF7D2FFAE
:100A100094BF012000205DF808FB00BF4DF808EDF1
:100A2000FFF7C8FF34BF012000205DF808FB00BFBE
:100A3000844641EA000313F0030349D1403A23D32B
:100A40000B6803604B6843608B688360CB68C3604E
:100A50000B6903614B6943618B698361CB69C36136
:100A60000B6A03624B6A43628B6A8362CB6AC3621E
:100A70000B6B03634B6B43638B6B8363CB6BC36306
:100A800040304031403ADBD230320BD30B68036048
:100A90004B6843608B688360CB68C3601030103153
:100AA000103AF3D20C3205D351F8043B40F8043B22
:100AB000043AF9D2043208D0D2071CBF11F8013B26
:100AC00000F8013B01D30B8803806046704700BFEC
:100AD000082A13D38B07B1D010F00303AED0C3F1B3
:100AE0000403D21ADB071CBF11F8013B00F8013BDD
:100AF000A4D331F8023B20F8023B9FE7043AD9D354
:100B0000013A11F8013B00F8013BF9D20B78037070
:100B10004B7843708B7883706046704770B54FF0A8
:100B2000FF0C4CF4E06C1CEA11541DBF1CEA135579
:100B300094EA0C0F95EA0C0F00F0DEF82C4481EAE1
:100B4000030621EA4C5123EA4C5350EA013518BF01
:100B500052EA033541F4801143F4801338D0A0FBEE
:100B600002CE4FF00005E1FB02E506F00042E0FB9B
:100B700003E54FF00006E1FB03569CF0000F18BFA1
:100B80004EF0010EA4F1FF04B6F5007F64F5407449
:100B900004D25FEA4E0E6D4146EB060642EAC621DC
:100BA00041EA55514FEAC52040EA5E504FEACE2E49
:100BB000B4F1FD0C88BFBCF5E06F1ED8BEF1004F4C
:100BC00008BF5FEA500E50F1000041EB045170BDC8
:100BD00006F0004646EA010140EA020081EA03010C
:100BE000B4EB5C04C2BFD4EB0C0541EA045170BD08
:100BF00041F480114FF0000E013C00F3AB8014F182
:100C0000360FDEBF002001F0004170BDC4F10004CA
:100C1000203C35DA0C341BDC04F11404C4F120054B
:100C200000FA05F320FA04F001FA05F240EA0200A6
:100C300001F0004221F0004110EBD37021FA04F6DC
:100C400042EB06015EEA430E08BF20EAD37070BD96
:100C5000C4F10C04C4F1200500FA04F320FA05F0F5
:100C600001FA04F240EA020001F0004110EBD370F7
:100C700041F100015EEA430E08BF20EAD37070BD67
:100C8000C4F1200500FA05F24EEA020E20FA04F340
:100C900001FA05F243EA020321FA04F001F00041EF
:100CA00021FA04F220EA020000EBD3705EEA430E60
:100CB00008BF20EAD37070BD94F0000F0FD101F08F
:100CC0000046400041EB010111F4801F08BF013CC8
:100CD000F7D041EA060195F0000F18BF704703F006
:100CE0000046520043EB030313F4801F08BF013D8D
:100CF000F7D043EA0603704794EA0C0F0CEA135549
:100D000018BF95EA0C0F0CD050EA410618BF52EA02
:100D10004306D1D181EA030101F000414FF0000008
:100D200070BD50EA410606BF1046194652EA430616
:100D300019D094EA0C0F02D150EA013613D195EA8A
:100D40000C0F05D152EA03361CBF104619460AD1D2
:100D500081EA030101F0004141F0FE4141F47001DC
:100D60004FF0000070BD41F0FE4141F4780170BDCC
:100D700070B54FF0FF0C4CF4E06C1CEA11541DBF31
:100D80001CEA135594EA0C0F95EA0C0F00F0A7F833
:100D9000A4EB050481EA030E52EA03354FEA013160
:100DA00000F088804FEA03334FF0805545EA131373
:100DB00043EA12634FEA022245EA111545EA10653B
:100DC0004FEA00260EF000419D4208BF964244F1D2
:100DD000FD0404F5407402D25B084FEA3202B61AF1
:100DE00065EB03055B084FEA32024FF480104FF4C5
:100DF000002CB6EB020E75EB030E22BFB61A754639
:100E000040EA0C005B084FEA3202B6EB020E75EBCB
:100E1000030E22BFB61A754640EA5C005B084FEA33
:100E20003202B6EB020E75EB030E22BFB61A754600
:100E300040EA9C005B084FEA3202B6EB020E75EB0B
:100E4000030E22BFB61A754640EADC0055EA060ECC
:100E500018D04FEA051545EA16754FEA06164FEA0F
:100E6000C30343EA52734FEAC2025FEA1C1CC0D1BB
:100E700011F4801F0BD141EA00014FF000004FF048
:100E8000004CB6E711F4801F04BF01430020B4F109
:100E9000FD0C88BFBCF5E06F3FF6AFAEB5EB030CC1
:100EA00004BFB6EB020C5FEA500C50F1000041EBBE
:100EB000045170BD0EF0004E4EEA113114EB5C048B
:100EC000C2BFD4EB0C0541EA045170BD41F480115E
:100ED0004FF0000E013C90E645EA060E8DE60CEA66
:100EE000135594EA0C0F08BF95EA0C0F3FF43BAF83
:100EF00094EA0C0F0AD150EA01347FF434AF95EA3A
:100F00000C0F7FF425AF104619462CE795EA0C0F1D
:100F100006D152EA03353FF4FDAE1046194622E7EA
:100F200050EA410618BF52EA43067FF4C5AE50EAC4
:100F300041047FF40DAF52EA43057FF4EBAE12E7B4
:100F40004FF0FF3C06E000BF4FF0010C02E000BF95
:100F50004FF0010C4DF804CD4FEA410C7FEA6C5C78
:100F60004FEA430C18BF7FEA6C5C1BD001B050EA1B
:100F7000410C0CBF52EA430C91EA030F02BF90EA06
:100F8000020F0020704710F1000F91EA030F58BFC5
:100F9000994208BF90422CBFD8176FEAE37040F027
:100FA000010070474FEA410C7FEA6C5C02D150EAC5
:100FB000013C07D14FEA430C7FEA6C5CD6D152EA80
:100FC000033CD3D05DF8040B704700BF8446104645
:100FD00062468C461946634600E000BF01B5FFF744
:100FE000B7FF002848BF10F1000F01BD4DF808ED14
:100FF000FFF7F4FF0CBF012000205DF808FB00BFE5
:101000004DF808EDFFF7EAFF34BF012000205DF83E
:1010100008FB00BF4DF808EDFFF7E0FF94BF01208B
:1010200000205DF808FB00BF4DF808EDFFF7CEFF8C
:1010300094BF012000205DF808FB00BF4DF808EDCB
:10104000FFF7C4FF34BF012000205DF808FB00BF9C
:101050004FEA410C7FEA6C5C02D150EA013C0AD1B4
:101060004FEA430C7FEA6C5C02D152EA033C02D1A6
:101070004FF0000070474FF0010070474FEA410207
:1010800012F5001215D211D56FF47873B3EB6252DA
:1010900012D94FEAC12343F0004343EA505311F001
:1010A000004F23FA02F018BF404270474FF0000093
:1010B000704750EA013005D111F0004008BF6FF0D1
:1010C000004070474FF00000704700BF0348044BDA
:1010D000834202D0034B03B118477047C406002077
:1010E000C4060020000000000548064B1B1AD90F5B
:1010F00001EBA301491002D0034B03B1184770471D
:10110000C4060020C40600200000000010B5064CF4
:10111000237843B9FFF7DAFF044B13B10448AFF368
:1011200000800123237010BDC406002000000000D1
:10113000E8AC000808B5054B1BB105490548AFF3FD
:101140000080BDE80840FFF7CFBF00BF00000000EF
:10115000C8060020E8AC000800B585B00023019364
:10116000029303931148124A0260836001220273C2
:1011700003754FF46021C1614360026100F0ECFE31
:1011800068B902230193012302930023039301A969
:10119000064800F05DFD28B905B05DF804FB00F0DD
:1011A0001DF9EEE700F01AF9F6E700BFE0060020AF
:1011B0000024014000B587B00023029303930493F9
:1011C00005930268154B9A4202D007B05DF804FB04
:1011D00003F56C439A6942F400729A619A6902F4C9
:1011E00000720092009A9A6942F004029A619B6927
:1011F00003F004030193019B04230293032303934D
:1012000002A9074801F084FD00221146122001F0D6
:10121000B5FB122001F0C2FBD7E700BF002401405C
:101220000008014008B50D480D4B036002234360E0
:1012300000238360C3604FF4602202614FF4801288
:101240004261037643768376C3760377437700F073
:1012500088FF00B908BD00F0C1F8FBE710070020C7
:101260000064004010B586B00023029303930493FA
:10127000059302681E4B9A4201D006B010BD03F5DB
:10128000D633DA6942F00072DA61DA6902F000728C
:101290000092009A9A6942F008029A619B6903F0F1
:1012A00008030193019B4FF480730293114C02A930
:1012B000204601F02DFD4FF40073029302230393A7
:1012C0000323059302A9204601F022FD0A4A536830
:1012D00023F4C04343F0E06343F4804353600022AF
:1012E0001146142001F04AFB142001F057FBC4E71B
:1012F00000640040000C01400000014000B583B0D4
:101300000E4B5A6942F001025A615B6903F0010316
:101310000193019B002211460E2001F02FFB0E20AD
:1013200001F03CFB002211460F2001F027FB0F20AB
:1013300001F034FB03B05DF804FB00BF0010024075
:101340002DE9F04188B00024049405940694079494
:101350001F4B9A6942F020029A619A6902F02002BA
:101360000192019A9A6942F004029A619A6902F024
:1013700004020292029A9A6942F008029A619B69F9
:1013800003F008030393039BDFF848802246E02123
:10139000404601F0CBFD104E22460121304601F0BF
:1013A000C5FDE023049301250595069402270797C0
:1013B00004A9404601F0ACFC0495059506940797F6
:1013C00004A9304601F0A4FC08B0BDE8F08100BFDC
:1013D0000010024000080140000C014072B6FEE718
:1013E00000B595B0282200210DEB020003F0E4FBCC
:1013F000002305930693079308930993019302939F
:101400000393049301220A924FF480330B930E92BC
:101410000222119212934FF4E01313930AA801F0E1
:10142000A1FDC8B90F23059302210691002307935C
:101430004FF480620892099305A801F0C5FF68B9CE
:10144000022301934FF40043039301A802F098F89C
:1014500030B915B05DF804FBFFF7C0FFFFF7BEFF22
:10146000FFF7BCFF80B584B000F072FAFFF7B8FF59
:10147000FFF766FFFFF742FFFFF76EFEFFF7D2FEB2
:1014800000F02EF900F086F903F096F803F04EF91B
:1014900003F0C8F903F0ECF803F078F90C4C20687D
:1014A00003F0E0F9A5792679E77994F805802068BA
:1014B000FEF792FF02460B46CDF80C80029701968C
:1014C0000095044803F0EEF9052000F065FAE1E725
:1014D000AC08002000AD000882B00E4B9A6942F0C3
:1014E00001029A619A6902F001020092009ADA6997
:1014F00042F08052DA61DB6903F080530193019B73
:10150000054A536823F0E06343F00073536002B070
:10151000704700BF0010024000000140FEE7FEE7F8
:10152000FEE7FEE7FEE770477047704708B500F03A
:1015300021FA08BD08B5024801F048FB08BD00BF0C
:101540008407002008B5024801F040FB08BD00BF39
:10155000C807002008B5024800F0F9FA08BD00BF2E
:10156000E006002008B5024801F09DF808BD00BF64
:101570001007002008B5024802F0A9F908BD00BF15
:101580003C07002008B5024802F0D4FE08BD00BFA9
:101590000C0800200120704708B503F0B1FB1623AA
:1015A00003604FF0FF3008BD08B54FF0FF31FFF783
:1015B000F3FFFEE770B50C461646002506E0AFF3D4
:1015C0000080214601F8010B01350C46B542F6DBDF
:1015D000304670BD70B50C461646002504E014F880
:1015E000010BAFF300800135B542F8DB304670BD2A
:1015F0004FF0FF3070474FF400534B6000207047AE
:10160000012070470020704710B503460C4A0D4971
:101610000D48006840B10C4800680344521A9342D8
:1016200006D8094A136010BD0748084C0460F2E769
:1016300003F066FB0C2303604FF0FF30F3E700BFBD
:10164000005000200004000038070020D00D0020CA
:101650007047000002680E4B9A4200D0704700B5F8
:1016600083B003F50333DA6942F00202DA61DB6921
:1016700003F002030193019B002211461D2001F09B
:101680007DF91D2001F08AF903B05DF804FB00BF6D
:101690000004004000B587B0002302930393049335
:1016A000059302680C4B9A4202D007B05DF804FB28
:1016B00003F503339A6942F008029A619B6903F0CB
:1016C00008030193019B022302930393059302A94C
:1016D000024801F01DFBE8E700040040000C014057
:1016E00000B58FB000230A930B930C930D930893CE
:1016F000099301930293039304930593069307932D
:101700002248234A026047224260836040F2E73267
:10171000C26003618023836102F0CAF938BB4FF4D1
:1017200080530A930AA9194802F0C2FA10BB17485D
:1017300002F0EAF908BB00230893099308A91348AB
:1017400002F0B2FBE0B96023019340F2F31302937D
:101750000023039305930C2201A90C4802F02EFAF2
:1017600088B90A48FFF796FF0FB05DF804FBFFF752
:1017700035FED4E7FFF732FED9E7FFF72FFEDAE7B1
:10178000FFF72CFEDFE7FFF729FEEAE73C07002022
:101790000004004008B50A480A4B03604FF4E133E7
:1017A000436000238360C36003610C224261836154
:1017B000C36102F069FC00B908BDFFF70FFEFBE74B
:1017C0000C0800200038014070B586B00023029359
:1017D0000393049305930268314B9A4201D006B0FB
:1017E00070BD044603F558439A6942F480429A61F9
:1017F0009A6902F480420092009A9A6942F00402C7
:101800009A619B6903F004030193019B4FF40073F9
:1018100002930223039303230593224E02A9304629
:1018200001F076FA4FF48063029300250395049546
:1018300002A9304601F06CFA1B481C4B036045605E
:1018400085608023C3600561456120238361C56194
:1018500001F0DCF8F0B9144BE3635C621448154BFB
:10186000036010234360002383608022C260036111
:1018700043618361C36101F0C9F870B90C4BA36384
:101880005C6200221146252001F078F8252001F045
:1018900085F8A4E7FFF7A2FDDDE7FFF79FFDEDE781
:1018A0000038014000080140C807002058000240ED
:1018B0008407002044000240FFF7CAFE0B480C4991
:1018C0000C4A002302E0D458C4500433C4188C429C
:1018D000F9D3094A094C002301E013600432A24203
:1018E000FBD303F013FAFFF7BDFD704700000020A3
:1018F000C406002058B10008C4060020CC0D00200A
:10190000FEE7000010B504460E4B1A784FF47A73C8
:10191000B3FBF2F30C4A1068B0FBF3F001F04CF8A3
:1019200068B90F2C01D901200AE0002221464FF0AE
:10193000FF3001F023F8054B1C60002000E001207F
:1019400010BD00BF0400002000000020080000209F
:1019500008B5074A136843F010031360032000F032
:10196000FBFF0F20FFF7CEFFFFF7B6FD002008BDFD
:1019700000200240034A1168034B1B780B4413609C
:10198000704700BF5408002004000020014B186875
:10199000704700BF5408002038B50446FFF7F6FF33
:1019A0000546B4F1FF3F02D0044B1B781C44FFF7FF
:1019B000EDFF401BA042FAD338BD00BF0400002059
:1019C000F0B583B005460C4600230193FFF7DEFF18
:1019D0002B689A6812F4807F23D107465A6812F464
:1019E000807F03D1DB6A13F4700F29D0504B1E683F
:1019F000022001F051FEB6FBF0F62B6819694D4A42
:101A0000114236D1D96802F15C42114231D11969D3
:101A1000494A114240D1DA68484B1A423ED0292344
:101A200041E0AB6A43F02003AB62002385F8243029
:101A3000012003B0F0BD2B681B6813F0020F0FD01C
:101A40002B681B6813F0020F4FD1B4F1FF3FF7D0A2
:101A5000002CF0D0FFF79AFFC31BA342F0D9EAE7AE
:101A6000AB6A43F00403AB62002385F82430032003
:101A7000DFE71969304A114204D1D96802F16E4298
:101A800011420DD019692E4A0A405AB9DA682C4B16
:101A900013405BB1FC2306E0292304E0142302E099
:101AA000542300E0FC2303FB06F607E05423FAE787
:101AB000019BB34210D3019B01330193019BB342BD
:101AC00013D2B4F1FF3FF6D0002CF1D0FFF75EFF48
:101AD000C01BA042EFD9EBE7AB6A43F00403AB6253
:101AE000002385F824300320A3E72B686FF012024F
:101AF0001A60AB6A43F40073AB622B689B6803F413
:101B00006023B3F5602F01D0002092E7287B60B9F5
:101B1000AB6A23F48073AB62AB6A13F4805F88D145
:101B2000AB6A43F00103AB6283E7002081E700BFAB
:101B30000000002024499224922449129224490052
:101B4000499224000368D86C70477047704770B59D
:101B5000044603681E685D6815F0200F17D016F064
:101B6000020F14D0826A12F0100F03D1826A42F47D
:101B7000007282629A6802F46022B2F5602F33D05C
:101B80002046FFF7E2FF23686FF012021A6015F09B
:101B9000800F22D016F0040F1FD0A36A13F0100F8D
:101BA00003D1A36A43F40053A3622268936803F449
:101BB000E043B3F5E04F2ED0536813F4806F05D1A6
:101BC000936803F46023B3F5602F21D0204600F022
:101BD000C7FA23686FF00C021A6015F0400F02D0AC
:101BE00016F0010F28D170BD227B002AC8D15A6897
:101BF00022F020025A60A36A23F48073A362A36ACE
:101C000013F4805FBCD1A36A43F00103A362B7E77A
:101C1000237B002BDAD1536823F080035360A36A3F
:101C200023F48053A362A36A13F4807FCED1A36A06
:101C300043F00103A362C9E7A36A43F48033A362BC
:101C40002046FFF783FF23686FF001021A60CAE79E
:101C500030B482B00022019290F82420012A00F0D2
:101C60008F800346012280F824204A68062A2DD856
:101C70000468606B02EB8202053A4FF01F0C0CFA0D
:101C800002FC20EA0C000D6805FA02F202436263CE
:101C90000A68092A38D91C68E06802EB42021E3A39
:101CA0004FF0070C0CFA02FC20EA0C008D6805FAD4
:101CB00002F20243E2600A68103A012A34D9002095
:101CC000002283F8242002B030BC70470C2A0DD8C3
:101CD0000568286B02EB8202233A1F24944020EA15
:101CE00004000C68944020432863D1E70568E86A43
:101CF00002EB8202413A1F24944020EA04000C685F
:101D000094402043E862C3E71C68206902EB42026A
:101D10004FF0070C0CFA02FC20EA0C008D6805FA63
:101D200002F202432261C6E71A681648824205D0D1
:101D30009A6A42F020029A620120C1E7906810F48A
:101D4000000F1BD1906840F4000090600A68102AD0
:101D500001D00020B4E70C4A12680C49A1FB021222
:101D6000920C02EB82025200019202E0019A013AC7
:101D70000192019A002AF9D10020A1E700209FE7F3
:101D80000220A0E7002401400000002083DE1B4366
:101D900030B583B00023019303689A6812F0010FF5
:101DA00033D104469A6842F001029A60184B1B68CE
:101DB000184AA2FB03239B0C019302E0019B013B09
:101DC0000193019B002BF9D1FFF7E0FD0546236845
:101DD0009B6813F0010F16D1FFF7D8FD431B022BB0
:101DE000F5D923689B6813F0010FF0D1A36A43F083
:101DF0001003A362E36A43F00103E362002384F863
:101E00002430012002E0002000E0002003B030BDBB
:101E10000000002083DE1B4390F82430012B68D0A3
:101E200010B50446012380F82430FFF7B1FF0028E5
:101E30005BD1A36A23F4407323F0010343F480735E
:101E4000A36223682C4A934227D0A26A22F480120C
:101E5000A2625A6812F4806F05D0A26A22F440523E
:101E600042F48052A262A26A12F4805F2BD0E26A2E
:101E700022F00602E262002284F824206FF00202BF
:101E80001A6023689A6802F46022B2F5602F1DD0B0
:101E90009A6842F480129A602AE0A2F58062526841
:101EA00012F4702FD1D0A26A42F48012A262134AB7
:101EB000526812F4806FD6D0A26A22F4405242F4E3
:101EC0008052A262CFE70022E262D4E70A4A93423C
:101ED00004D09A6842F4A0029A6009E0A2F58062F8
:101EE000526812F4702FD3D1F3E7002384F8243022
:101EF00010BD0220704700BF0028014000240140AF
:101F000038B503689A6812F0010F01D1002038BD7E
:101F100004469A6822F001029A60FFF737FD0546F1
:101F200023689B6813F0010F13D0FFF72FFD431BAD
:101F3000022BF5D923689B6813F0010FF0D0A36A38
:101F400043F01003A362E36A43F00103E36201205C
:101F5000DDE70020DBE7000000287BD070B50446F9
:101F6000836A002B4DD02046FFF7CAFFA36A13F007
:101F7000100369D1002867D1A26A22F4885222F0A6
:101F8000020242F00202A2626268E1690A43217B16
:101F900042EA4102A568B5F5807F02D0012D36D016
:101FA0001D46267D012E35D02668716821F46941D1
:101FB000294371602568AE68274931401143A96003
:101FC000A168B1F5807F01D0012902D12369013BCD
:101FD0001B052568E96A21F470010B43EB62236855
:101FE00099681E4B0B409A4225D0A36A23F0120336
:101FF00043F01003A362E36A43F00103E3620120AC
:1020000027E0C36280F82430FFF7D4F8ABE74FF441
:102010008075C6E731B9A169013945EA413141F41A
:102020000065C1E7A16A41F02001A162E16A41F0C7
:102030000101E162B8E70023E362A36A23F003032E
:1020400043F00103A36204E0A36A43F01003A36218
:10205000012070BD01207047FDF7E1FFFE0E1FFF5C
:1020600070B582B00023019390F82430012B72D018
:102070000446012380F82430FFF742FF2046FFF793
:1020800087FE054628B1002384F82430284602B094
:1020900070BDA36A23F4885323F0020343F00203C4
:1020A000A3622E4B1E68022001F0F6FAB6FBF0F692
:1020B0007600019602E0019B013B0193019B002BFE
:1020C000F9D12268936843F008039360FFF75EFC40
:1020D000064623689A6812F0080F14D0FFF756FCE2
:1020E000801B0A28F5D923689B6813F0080FF0D0ED
:1020F000A36A23F0120343F01003A362002384F8C1
:1021000024300125C2E79A6842F004029A60FFF782
:102110003DFC064623689B6813F0040F14D0FFF7BC
:1021200035FC801B0A28F5D923689B6813F0040F3F
:10213000F0D0A36A23F0120343F01003A36200233C
:1021400084F824300125A1E7A36A23F0030343F0B8
:102150000103A36297E7022598E700BF0000002073
:102160007047002800F0A18038B5044690F8203070
:10217000D3B12268136843F001031360FFF706FC34
:10218000054623685A6812F0010F10D1FFF7FEFBD5
:10219000401B0A28F5D9636A43F4003363620523C0
:1021A00084F82030012038BDFFF75CF8E1E71A68B9
:1021B00022F002021A60FFF7E9FB054623685A681D
:1021C00012F0020F0DD0FFF7E1FB401B0A28F5D9F2
:1021D000636A43F400336362052384F820300120EE
:1021E000E1E7227E012A3DD01A6822F080021A60BF
:1021F000637E012B3BD02268136823F040031360F9
:10220000A37E012B39D02268136823F020031360CA
:10221000E37E012B37D02268136843F0100313606C
:10222000237F012B35D02268136823F00803136045
:10223000637F012B33D02268136823F004031360FB
:10224000A368E26813432269134362691343626817
:10225000013A21681343CB6100206062012384F8B6
:102260002030A0E71A6842F080021A60C0E72268B6
:10227000136843F040031360C2E72268136843F019
:1022800020031360C4E72268136823F0100313606F
:10229000C6E72268136843F008031360C8E72268A2
:1022A000136843F004031360CAE701207047026813
:1022B00090F82030013BDBB2012B05D9436A43F48F
:1022C000802343620120704710B5D2F8003243F0FA
:1022D0000103C2F800324B6903F01F03012000FA2A
:1022E00003F3D2F81C026FEA030C20EA0300C2F8E1
:1022F0001C02C869C0B9D2F80C020CEA0000C2F88E
:102300000C028C884869D1F80CE044EA0E4448304D
:1023100042F830400C884869D1F808E044EA0E449D
:10232000483002EBC0004460C86901281AD08869AF
:1023300088BBD2F804020CEA0000C2F80402086963
:1023400078BBD2F814020CEA0000C2F81402096A41
:1023500001292CD0D2F8003223F00103C2F8003258
:10236000002010BDD2F80C021843C2F80C028C8871
:102370004869D1F800E044EA0E44483042F8304061
:102380008C894869D1F808E044EA0E44483002EBF1
:10239000C0004460CBE7D2F804021843C2F804023C
:1023A000CDE7D2F814021843C2F81402CFE7D2F8EE
:1023B0001C120B43C2F81C32CCE770B5044690F8EF
:1023C0002050EDB2012D06D0436A43F4002343624E
:1023D0000125284670BD022380F82030026813686A
:1023E00023F001031360FFF7D1FA064623685B6808
:1023F00013F0010F0CD0FFF7C9FA831B0A2BF5D994
:10240000636A43F400336362052384F82030E0E715
:1024100000256562DDE730B590F820C00468A46847
:102420000CF1FF3C5FFA8CFCBCF1010F62D814F098
:10243000E05F59D0C4F3016C012404FA0CF41C6071
:102440008B68002B3DD10D68CB68046843EA455585
:102450000CF118031B01E55003680C690CF1180E10
:1024600003EB0E135C600B7D012B35D0D179937992
:102470001B0443EA0163517943EA0123147901689B
:10248000234301EB0C11C1F88C31D17893781B04F4
:1024900043EA0163517843EA0123117802680B4350
:1024A00002EB0C12C2F8883102680CF1180C4FEAEA
:1024B0000C1C52F80C3043F0010342F80C300020A1
:1024C0001DE04C6843EAC403CC6823430CF11804B4
:1024D000240105682B51BFE7036803EB0E1359680D
:1024E00041F480715960C1E7436A43F400134362C9
:1024F000012004E0436A43F480234362012030BD9D
:1025000090F820C00CF1FF3C5FFA8CFCBCF1010F8D
:1025100000F2A58030B451B90468E46814F0030FE8
:1025200010D1436A43F40013436201207EE0046843
:10253000246914F0030F05D1436A43F40013436286
:10254000012073E0056801F11B0424012C5904F0FB
:1025500004049460002C6BD1056801F11B04240174
:102560002C59640D1460046801F11B0C4FEA0C1C1B
:1025700054F80C4004F00204D4600468A444DCF86D
:10258000045015F0080F5BD008241461046801F1B1
:102590001B0C04EB0C146468C4F3072494610468F6
:1025A00004EB0C146468240C5461026802EB011201
:1025B000D2F8B8211A70026802EB0112D2F8B821E1
:1025C000C2F307225A70026802EB0112D2F8B82156
:1025D000C2F307429A70026802EB0112D2F8B821E6
:1025E000120EDA70026802EB0112D2F8BC211A71E5
:1025F000026802EB0112D2F8BC21C2F307225A7121
:10260000026802EB0112D2F8BC21C2F307429A71B0
:10261000026802EB0112D2F8BC21120EDA71C1B9C4
:102620000268D36843F02003D360002030BC7047B9
:10263000056801F11B0424012C59E408546092E759
:1026400001F11B0504EB0514646804F00F04146128
:102650009CE70268136943F020031361E5E7436ACE
:1026600043F4802343620120704790F82030013BFF
:10267000DBB2012B05D9436A43F480234362012076
:102680007047026853690B435361002070477047DD
:102690007047704770477047704770477047704782
:1026A0007047704770472DE9F84F054603685C692D
:1026B000D3F804809F68D3F80CB0D3F810A0D3F8F7
:1026C000189014F001063BD017F0010616D0012235
:1026D0009A6017F0020F08D117F0040F0CD117F011
:1026E000080606D04FF4805608E0FFF7D0FF00261A
:1026F00004E0FFF7CFFF01E04FF4006617F4807F9E
:102700000DD02B684FF480729A6017F4007F40F070
:10271000868017F4806F00F0868046F4005617F428
:10272000803F0DD02B684FF480329A6017F4003F41
:1027300040F0838017F4802F00F0838046F4004639
:1027400014F0080F07D01BF0100F04D046F40076E9
:102750002B681022DA6014F0040F02D01BF0080F6F
:1027600079D114F0020F04D02B68DB6813F0030F4B
:1027700078D114F0400F07D01AF0100F04D046F4AF
:1027800080662B6810221A6114F0200F02D01AF014
:10279000080F6BD114F0100F04D02B681B6913F0D5
:1027A000030F6AD114F4003F02D018F0100F68D163
:1027B00014F4803F02D018F0080F69D114F4004FD0
:1027C0007AD018F0040F74D014F4807F04D019F07C
:1027D000010F01D046F0010614F4007F04D019F077
:1027E000020F01D046F0020614F4806F04D019F0F5
:1027F000040F01D046F0040614F4006F59D019F00C
:10280000700956D0B9F1400F65D058D8B9F1200FF2
:102810005ED0B9F1300F42D146F0200644E02846A0
:10282000FFF736FF7BE717F4006F02D046F48046CF
:1028300075E72846FFF72FFF71E72846FFF729FFC6
:102840007EE717F4002F02D046F4803678E728465A
:10285000FFF722FF74E72B680822DA602846FFF7AB
:102860001CFF7EE7284602F013F882E72B68082257
:102870001A612846FFF713FF8CE72846FFF70EFF83
:1028800090E72B6810225A602846FFF709FF8FE770
:102890002B6808225A602846FFF703FF8EE7B9F13C
:1028A000100F01D146F008062A68936923F07003DF
:1028B00093612B6804225A609EB9BDE8F88FB9F184
:1028C000500F0BD0B9F1600FEED146F48076EBE7F4
:1028D00046F01006E8E746F04006E5E746F08006D9
:1028E000E2E76B6A33436B622846FFF7DBFEE4E7FF
:1028F000002808DB0901C9B200F1604000F5614021
:1029000080F80013704700F00F000901C9B2014BB5
:102910001954704714ED00E000B500F00700C0F155
:10292000070CBCF1040F28BF4FF0040C031D062B4D
:102930000FD9C31E4FF0FF3E0EFA0CF021EA000142
:1029400099400EFA03FE22EA0E0241EA02005DF807
:1029500004FB0023EEE70000074AD36823F4E0639A
:102960001B041B0C000200F4E060034343F0BF6350
:1029700043F40033D360704700ED00E010B5044627
:10298000054BD868C0F30220FFF7C6FF014620467A
:10299000FFF7AEFF10BD00BF00ED00E0002807DB31
:1029A00000F01F02400901239340024A42F8203000
:1029B000704700BF00E100E00138B0F1807F0BD22A
:1029C0004FF0E0235861054AF02182F823100020DF
:1029D000986107221A6170470120704700ED00E0FE
:1029E00030B40124056CAC40C56B6C600468636056
:1029F0004368102B05D0036899600368DA6030BC27
:102A0000704703689A600368D960F8E760B310B450
:102A100002460168154B0B441548A0FB03031B0934
:102A20009B001364134BD363022382F821300868A0
:102A300020F47F5020F03000536894682343D4681A
:102A40002343146923435469234394692343D4697A
:102A5000234303430B6000209063012382F821305D
:102A600082F8200010BC704701207047F8FFFDBFBE
:102A7000CDCCCCCC0000024038B5044690F8200004
:102A8000012832D0012084F8200094F82100C0B23F
:102A9000012804D0002384F82030022038BD022011
:102AA00084F821000020A0632568286820F0010038
:102AB00028602046FFF794FFE36A5BB12268136841
:102AC00043F00E0313602268136843F001031360A0
:102AD0000020E3E72268136823F0040313602268F0
:102AE000136843F00A031360EDE70220D6E70346BC
:102AF00090F82120D2B2022A06D00422826300225A
:102B000080F820200120704701680A6822F00E0238
:102B10000A6001680A6822F001020A60026CC06B58
:102B2000012101FA02F2426083F82110002083F8AB
:102B30002000704708B590F82130DBB2022B03D09B
:102B400004238363012008BD0268136823F00E0389
:102B500013600268136823F0010313600368194AC5
:102B6000934214D0143293421FD0143293421ED099
:102B7000143293421ED0143293421ED01432934228
:102B800002D04FF0807203E04FF4801200E0012287
:102B90000D4B5A60012380F82130002380F820304B
:102BA000436B6BB198470020CDE71022F0E74FF45C
:102BB0008072EDE74FF48052EAE74FF48032E7E7A6
:102BC0000020C0E7080002400000024038B5C36B97
:102BD0001A6804682568016C04238B40134235D0C1
:102BE00015F0040F32D0236813F0200F03D12368AF
:102BF00023F0040323600368434A934214D0143241
:102C0000934218D01432934217D01432934217D003
:102C10001432934217D01432934202D04FF08062A4
:102C200003E04FF4800200E00422384B5A60C36A8C
:102C300003B1984738BD4022F7E74FF48062F4E7CC
:102C40004FF48042F1E74FF48022EEE702238B40FD
:102C500013423CD015F0020F39D0236813F0200F37
:102C600006D1236823F00A032360012380F8213072
:102C70000368254A934214D0143293421CD0143274
:102C800093421BD0143293421BD0143293421BD078
:102C90001432934202D04FF0007203E04FF400125E
:102CA00000E00222194B5A60002380F82030836A2A
:102CB000002BBFD09847BDE72022F3E74FF4007206
:102CC000F0E74FF40052EDE74FF40032EAE7082353
:102CD0008B401342AED015F0080FABD0236823F021
:102CE0000E032360026CC16B012303FA02F24A60F7
:102CF000836380F82130002380F82030036B002BA1
:102D000098D0984796E700BF0800024000000240B4
:102D100070B582B00024A446A2E07E4DAB4210D034
:102D200007D97D4DAB420CD005F58035AB4208D0BC
:102D300013E0A5F58015AB4203D005F57025AB4235
:102D400007D18B68002B55D0012B4ED0426108244F
:102D500003E0A5F58015AB42F3D0BEF1FF0F4BD8D1
:102D600006464FEA8C0233680F25954023EA050397
:102D700004FA02F2134333604B6813F0805F6DD0A6
:102D8000664B9A6942F001029A619B6903F0010364
:102D90000193019B4FEA9C02951C614B53F82560FF
:102DA0000CF00305AD000F23AB4026EA03065D4B94
:102DB000984228D003F58063984200F08D8003F597
:102DC0008063984200F08A8003F58063984218D0AF
:102DD000042319E0CC68C0E7CC680434BDE7CC68B4
:102DE0000834BAE7CC680C34B7E702610824B4E7CA
:102DF0000024B2E70424B0E7061DACF108029200FB
:102E0000B1E7032300E00023AB4033430232444DDB
:102E100045F822304B6813F4801F61D0424A936812
:102E200043EA0E0393604B6813F4001F5ED03E4AE2
:102E3000D36843EA0E03D3604B6813F4003F5BD0C2
:102E4000394A536843EA0E0353604B6813F4803FDA
:102E500058D0354A136843EA0E0313600CF1010C95
:102E60000B6833FA0CF253D0012202FA0CF203EA97
:102E7000020E32EA0303F1D14B68122B3FF64DAF3D
:102E8000122B3FF66AAF01A555F823F0432D000839
:102E9000D52D0008DF2D0008F12D00085B2D00085E
:102EA0005B2D00085B2D00085B2D00085B2D0008E2
:102EB0005B2D00085B2D00085B2D00085B2D0008D2
:102EC0005B2D00085B2D00085B2D00085B2D0008C2
:102ED000D92D0008E52D0008012395E7022393E78B
:102EE000114A936823EA0E0393609CE70E4AD36865
:102EF00023EA0E03D3609FE70B4A536823EA0E03CD
:102F00005360A2E7084A136823EA0E031360A5E79B
:102F100002B070BD0000221000003110001002400D
:102F20000000014000080140000401400AB10161B5
:102F3000704709040161704782B0084B1B68084A5A
:102F4000A2FB03235B0A00FB03F3019300BF019B79
:102F50005A1E0192002BF9D102B0704700000020E8
:102F6000D34D6210002800F0F18170B582B00446A4
:102F7000036813F0010F2CD0994B5B6803F00C032E
:102F8000042B1DD0964B5B6803F00C03082B12D06A
:102F90006368B3F5803F41D0002B55D103F18043E6
:102FA00003F504331A6822F480321A601A6822F496
:102FB00080221A6037E08A4B5B6813F4803FE7D0C9
:102FC000874B1B6813F4003F03D06368002B00F0AD
:102FD000BF81236813F0020F75D0814B5B6813F03B
:102FE0000C0F5FD07E4B5B6803F00C03082B54D0B2
:102FF0002369002B00F08A807A4B01221A60FEF7C9
:10300000C5FC0546764B1B6813F0020F75D1FEF721
:10301000BDFC401B0228F5D903209EE1704A1368CD
:1030200043F480331360636843B3FEF7AFFC054697
:103030006B4B1B6813F4003FCBD1FEF7A7FC401B82
:103040006428F5D9032088E1B3F5A02F09D0644B9B
:103050001A6822F480321A601A6822F480221A60F8
:10306000E1E703F18043A3F53C331A6842F4802280
:103070001A601A6842F480321A60D4E7FEF786FCC0
:103080000546574B1B6813F4003FA2D0FEF77EFCA9
:10309000401B6428F5D903205FE1514B5B6813F4B2
:1030A000803FA5D14E4B1B6813F0020F03D023695C
:1030B000012B40F04F814A4A136823F0F8036169FD
:1030C00043EAC1031360236813F0080F33D0A369E8
:1030D000002B5CD0434B0122C3F88024FEF756FC42
:1030E00005463F4B5B6A13F0020F21D1FEF74EFC01
:1030F000401B0228F5D903202FE1394A136823F039
:10310000F803616943EAC1031360DCE7354B002231
:103110001A60FEF73BFC0546314B1B6813F0020FAB
:10312000D1D0FEF733FC401B0228F5D9032014E16F
:103130000120FFF701FF236813F0040F00F09680D1
:10314000274BDB6913F0805F34D1254BDA6942F0FD
:103150008052DA61DB6903F080530193019B012502
:10316000214B1B6813F4807F26D0E368012B3DD0F0
:10317000002B53D103F1804303F504331A6A22F084
:1031800001021A621A6A22F004021A6233E0154B35
:103190000022C3F88024FEF7F9FB0546104B5B6A5A
:1031A00013F0020FC7D0FEF7F1FB401B0228F5D940
:1031B0000320D2E00025D3E70B4A136843F4807361
:1031C0001360FEF7E3FB0646074B1B6813F4807F92
:1031D000CBD1FEF7DBFB801B6428F5D90320BCE0D4
:1031E0000010024000004242007000405F4A136A33
:1031F00043F001031362E36833B3FEF7C7FB0646EF
:103200005A4B1B6A13F0020F2FD1FEF7BFFB801B36
:1032100041F288339842F3D903209EE0052B09D070
:10322000524B1A6A22F001021A621A6A22F0040250
:103230001A62E0E74D4B1A6A42F004021A621A6AF7
:1032400042F001021A62D6E7FEF7A0FB0646474BA2
:103250001B6A13F0020F08D0FEF798FB801B41F2A7
:1032600088339842F3D9032077E0E5B9E369002B6E
:1032700072D03E4A526802F00C02082A56D0022B45
:1032800017D03B4B00221A66FEF780FB0446374BF3
:103290001B6813F0007F47D0FEF778FB001B022865
:1032A000F5D9032059E0314AD36923F08053D36123
:1032B000DCE72F4B00221A66FEF768FB05462B4B16
:1032C0001B6813F0007F06D0FEF760FB401B02284E
:1032D000F5D9032041E0236AB3F5803F1AD0234992
:1032E0004B6823F47413226A606A024313434B60F1
:1032F0001F4B01221A66FEF749FB04461B4B1B6855
:1033000013F0007F0ED1FEF741FB001B0228F5D918
:10331000032022E0154A536823F40033A1680B43CD
:103320005360DCE7002018E0002016E0012B16D0E7
:103330000E4B5B6803F48031226A914211D103F491
:103340007013626A93420ED1002006E0012070479C
:10335000012002E0012000E0002002B070BD012049
:10336000FBE70120F9E70120F7E700BF001002406A
:10337000000042420F4B5B6803F00C02082A01D0A8
:103380000D487047C3F383420C49885C13F4803FB7
:103390000BD0084B5B68C3F34043094AD35C064A31
:1033A00002FB00F0B0FBF3F07047064B03FB00F0AC
:1033B000704700BF0010024000127A0038AD0008CC
:1033C00034AD000800093D00002800F0A08070B571
:1033D0000D460446524B1B6803F007038B420BD289
:1033E0004F4A136823F007030B431360136803F07D
:1033F00007038B4240F08D80236813F0020F17D033
:1034000013F0040F04D0474A536843F4E063536059
:10341000236813F0080F04D0424A536843F4605302
:103420005360404A536823F0F003A1680B43536094
:10343000236813F0010F31D06368012B20D0022BD9
:1034400025D0384A126812F0020F64D035494A6814
:1034500022F0030213434B60FEF798FA0646314B05
:103460005B6803F00C036268B3EB820F16D0FEF7C3
:103470008DFA801B41F288339842F0D9032045E051
:10348000284A126812F4003FE0D101203EE0254AAC
:10349000126812F0007FD9D1012037E0204B1B6861
:1034A00003F00703AB420AD91D4A136823F0070350
:1034B0002B431360136803F00703AB422DD123683D
:1034C00013F0040F06D0174A536823F4E063E16851
:1034D0000B435360236813F0080F07D0114A536859
:1034E00023F46053216943EAC1035360FFF742FFAD
:1034F0000C4B5B68C3F303130B4AD35CD8400B4BF4
:1035000018600B4B1868FEF7FDF9002070BD012014
:1035100070470120FAE70120F8E70120F6E700BF35
:10352000002002400010024024AD000800000020EE
:1035300008000020014B1868704700BF0000002001
:1035400008B5FFF7F7FF044B5B68C3F30223034A98
:10355000D35CD84008BD00BF001002401CAD00087D
:1035600008B5FFF7E7FF044B5B68C3F3C223034AC8
:10357000D35CD84008BD00BF001002401CAD00085D
:1035800070B582B00446036813F0010F36D03F4B8C
:10359000DB6913F0805F49D13C4BDA6942F080521D
:1035A000DA61DB6903F080530193019B0125384BFD
:1035B0001B6813F4807F3BD0344B1B6A13F44073B9
:1035C00013D0626802F440729A420ED02F4A136AF6
:1035D00023F440702F490126C1F840640026C1F849
:1035E0004064106213F0010F36D1284A136A23F4A5
:1035F000407361680B431362002D3ED1236813F0C2
:10360000020F06D0214A536823F44043A1680B43BC
:103610005360236813F0100F34D01C4A536823F40E
:103620008003E1680B43536000202CE00025BEE7D7
:10363000174A136843F480731360FEF7A7F9064630
:10364000134B1B6813F4807FB6D1FEF79FF9801BE4
:103650006428F5D9032016E0FEF798F906460B4BCF
:103660001B6A13F0020FC0D1FEF790F9801B41F2E4
:1036700088339842F3D9032005E0D36923F08053BF
:10368000D361BBE7002002B070BD00BF0010024054
:10369000007000400000424208B502284ED01028B9
:1036A00003D0012828D0002008BD2B4B5A68186889
:1036B00010F08070F8D0C2F383432849C85C12F43C
:1036C000803F15D0244B5B68C3F34043244AD25C4F
:1036D000244BB3FBF2F303FB00F01F4B5B6813F4C6
:1036E000800FE1D14000204BA3FB00304008DBE716
:1036F0001E4B03FB00F0F0E7174B1B6A40F202324F
:103700001A40B2F5817F24D003F44073B3F5007FF3
:1037100004D0B3F5407F09D00020C5E70E4A526AB5
:1037200012F0020FF5D049F64040BDE70A4B186889
:1037300010F40030B8D04FF22440B5E7FFF710FF87
:10374000054B5B68C3F3813301335B00B0FBF3F0DF
:10375000AAE74FF40040A7E7001002404CAD000874
:1037600048AD000800127A00ABAAAAAA00093D00E1
:1037700030B4026A036A23F0010303624568836977
:1037800023F073030C681C4322F002028B6813437E
:103790000B4A904206D0456084614A6842630362E6
:1037A00030BC704723F00803CA681A4322F00403B0
:1037B00025F440754A692A438D691543EBE700BF3C
:1037C000002C014030B4036A026A22F48072026263
:1037D0004468C26922F073020D68154323F4007334
:1037E0008A6843EA02230D4A904206D04460C561CC
:1037F0004A68C263036230BC704723F40063CA683E
:1038000043EA022323F4806324F440544A6944EADF
:1038100002148A6944EA0214E8E700BF002C014060
:1038200030B4036A026A22F4805202624468C269B8
:1038300022F4E6420D6842EA052223F400538D6823
:1038400043EA0533074DA84206D04460C2614A6886
:103850000264036230BC704724F480444D6944EA3A
:103860008514F2E7002C014010B4036A046A24F0C6
:1038700001040462846924F0F00C4CEA021223F083
:103880000A030B438261036210BC704710B4036AE1
:10389000046A24F010040462846924F4704C4CEA35
:1038A000023223F0A00343EA01138261036210BCD9
:1038B0007047836823F070030B4343F00703836072
:1038C000704770477047704770477047704770B5D2
:1038D00004460368DE681D6915F0020F10D016F06B
:1038E000020F0DD06FF002021A6101230377036803
:1038F0009B6913F0030F5ED0FFF7E6FF00232377E9
:1039000015F0040F12D016F0040F0FD023686FF0DB
:1039100004021A610223237723689B6913F4407F12
:103920004FD02046FFF7D0FF0023237715F0080F74
:1039300012D016F0080F0FD023686FF008021A613A
:10394000042323772368DB6913F0030F40D020465C
:10395000FFF7BAFF0023237715F0100F12D016F0EF
:10396000100F0FD023686FF010021A61082323771D
:103970002368DB6913F4407F31D02046FFF7A4FFB2
:103980000023237715F0010F02D016F0010F2DD17F
:1039900015F0800F02D016F0800F2FD115F0400FD8
:1039A00002D016F0400F31D115F0200F02D016F0E2
:1039B000200F33D170BDFFF786FF2046FFF785FF4C
:1039C0009CE72046FFF77FFF2046FFF77EFFABE72F
:1039D0002046FFF778FF2046FFF777FFBAE720463B
:1039E000FFF771FF2046FFF770FFC9E723686FF00C
:1039F00001021A612046FFF765FFC9E723686FF0EF
:103A000080021A61204600F086FAC7E723686FF04B
:103A100040021A612046FFF759FFC5E723686FF09F
:103A200020021A61204600F075FAC3E703681F4AB6
:103A300090420AD0B0F1804F07D0A2F59432904264
:103A400003D002F58062904203D123F070034A68EC
:103A50001343164A90420AD0B0F1804F07D0A2F526
:103A60009432904203D002F58062904203D123F455
:103A70004073CA68134323F080034A691343036009
:103A80008B68C3620B688362084B98420AD001239B
:103A90004361036913F0010F03D0036923F00103AD
:103AA000036170470B690363F1E700BF002C01401D
:103AB00040B310B5044690F83D30F3B1022384F8CA
:103AC0003D30214651F8040BFFF7B0FF012384F885
:103AD000463084F83E3084F83F3084F8403084F833
:103AE000413084F8423084F8433084F8443084F81C
:103AF000453084F83D30002010BD80F83C30FDF7A3
:103B0000A9FDDBE70120704740B310B5044690F8EB
:103B10003D30F3B1022384F83D30214651F8040BC7
:103B2000FFF784FF012384F8463084F83E3084F8A0
:103B30003F3084F8403084F8413084F8423084F8D3
:103B4000433084F8443084F8453084F83D30002018
:103B500010BD80F83C30FFF7B4FEDBE70120704772
:103B600030B4036A026A22F0100202624468826979
:103B700022F4E6420D6842EA052223F020038D6814
:103B800043EA05130C4DA84206D0446082614A689E
:103B90008263036230BC704723F08003CD6843EA40
:103BA000051323F0400324F440644D6944EA85047E
:103BB0008D6944EA8504E8E7002C014038B590F8A7
:103BC0003C30012B66D004460D46012380F83C3082
:103BD0000C2A5AD8DFE802F0075959591B5959598C
:103BE0003059595944000068FFF7C2FD22689369B3
:103BF00043F0080393612268936923F004039361FF
:103C00002268936929690B43936100203EE00068B4
:103C1000FFF7A6FF2268936943F40063936122686B
:103C2000936923F48063936122689369296943EA65
:103C300001239361002029E00068FFF7C3FD22689B
:103C4000D36943F00803D3612268D36923F00403E6
:103C5000D3612268D36929690B43D361002015E041
:103C60000068FFF7DDFD2268D36943F40063D36188
:103C70002268D36923F48063D3612268D3692969F8
:103C800043EA0123D361002000E00120002384F8EF
:103C90003C3038BD0220FCE710B4846824F47F4C2B
:103CA00042EA03220A4342EA0C02826010BC7047D7
:103CB00090F83C30012B78D010B50446012380F8F1
:103CC0003C30022380F83D300268936823F47F4340
:103CD00023F0770393600B68602B4CD029D8402BDE
:103CE00054D00CD9502B22D1CA6849680068FFF71C
:103CF000BBFD50212068FFF7DCFD002005E0202BF4
:103D00000DD009D9302B0AD00120012384F83D3091
:103D1000002384F83C3010BD0BB1102B05D119469F
:103D20002068FFF7C6FD0020EFE70120EDE7012046
:103D3000EBE7B3F5805F34D0B3F5005F0CD1CB680F
:103D40004A6889680068FFF7A7FF2268936843F410
:103D5000804393600020D8E7702B24D1CB684A6859
:103D600089680068FFF798FF2268936843F077033B
:103D700093600020C9E7CA6849680068FFF786FDBC
:103D800060212068FFF795FD0020BEE7CA684968FA
:103D90000068FFF769FD40212068FFF78AFD0020D9
:103DA000B3E70020B1E70120AFE70220704701F040
:103DB0001F014FF0010C0CFA01FC036A23EA0C030B
:103DC0000362036A8A4013430362704710B50446D6
:103DD000084651BB94F83E30DBB2013B18BF0123CB
:103DE000002B5BD1002839D1022384F83E30012218
:103DF00001462068FFF7DBFF23682A4A93423DD043
:103E00002368284A93423ED0B3F1804F3BD0A2F5BD
:103E10009432934237D002F58062934233D01A68CD
:103E200042F001021A60002039E0042908D0082974
:103E30000DD094F84130DBB2013B18BF0123CFE72E
:103E400094F83F30DBB2013B18BF0123C8E794F878
:103E50004030DBB2013B18BF0123C1E7042805D085
:103E6000082807D0022384F84130C0E7022384F8F1
:103E70003F30BCE7022384F84030B8E75A6C42F484
:103E800000425A64BCE79A6802F00702062A07D08B
:103E90001A6842F001021A60002000E0012010BD03
:103EA0000020FCE7002C014090F83C20012A2CD097
:103EB00010B40346012280F83C20022280F83D2005
:103EC00002685068946820F0700C086840EA0C00A2
:103ED00050601A680E4882420AD0B2F1804F07D073
:103EE000A0F59430824203D000F58060824204D174
:103EF00024F08004496821439160012283F83D2029
:103F0000002083F83C0010BC70470220704700BFBF
:103F1000002C014070477047026802F10C0353E81F
:103F2000003F23F0C0030C3242E800310029F3D1F6
:103F3000202380F841307047026802F10C0353E8F7
:103F4000003F23F490730C3242E800310029F3D192
:103F5000026802F1140353E8003F23F00103143216
:103F600042E800310029F3D1036B012B05D0202357
:103F700080F84230002303637047026802F10C03AB
:103F800053E8003F23F010030C3242E800310029CF
:103F9000F3D1ECE790F84130DBB2212B01D00220C5
:103FA00070478368B3F5805F17D0036A5A1C0262BA
:103FB0001A7803685A60C38C9BB2013B9BB2C384DE
:103FC0004BB90268D36823F08003D3600268D368DA
:103FD00043F04003D360002070470369002BE4D115
:103FE000036A1B880268C3F308035360036A023341
:103FF0000362E0E710B504460268136923F44053F6
:10400000C1680B43136183680269134342691A4311
:104010000168CB6823F4B05323F00C031343CB6047
:104020000268536923F4407381690B43536102684A
:10403000134B9A4220D0FFF783FA024602EB82022A
:1040400002EB820263689B00B2FBF3F20D48A0FB17
:1040500002314909642303FB11231B013233A0FB06
:1040600003035B0903F0F00202EB011203F00F03FC
:10407000216813448B6010BDFFF772FA0246DDE73A
:10408000003801401F85EB5160B310B5044690F82D
:10409000413013B3242384F841302268D36823F4D9
:1040A0000053D3602046FFF7A5FF2268136923F46D
:1040B000904313612268536923F02A0353612268F5
:1040C000D36843F40053D36000206064202384F855
:1040D000413084F84230606310BD80F84030FDF715
:1040E00073FBD7E70120704738B5134690F841209D
:1040F000D2B2202A2FD1044600292ED00BB901209C
:1041000038BD01628384C38400224264212084F884
:104110004100A06B124D8562A06B124DC562A06B71
:10412000114D0563A06B426322680432A06BFEF759
:10413000A3FC23686FF040021A60226802F11403A6
:1041400053E8003F43F08003143242E80031002975
:10415000F3D10020D4E70220D2E70120D0E700BF4E
:104160006F410008D7410008E5410008704708B5D5
:104170000346406A1B681B6813F0200F1AD1002306
:10418000C384026802F1140353E8003F23F0800364
:10419000143242E800310029F3D1026802F10C0325
:1041A00053E8003F43F040030C3242E8003100295D
:1041B000F3D108BDFFF7DAFFFBE708B50168CA686D
:1041C00022F04002CA60202280F84120FFF7CEFF93
:1041D000002008BD704708B5406AFFF7FBFF08BD27
:1041E0007047704710B5446A23685A6994F84130A3
:1041F000DBB2212B10D023685A6902F0400294F8F8
:104200004230DBB2222B11D0636C43F010036364A5
:104210002046FFF7E6FF10BD02F08002002AEAD038
:104220000023E3842046FFF777FEE4E7002AEBD083
:104230000023E3852046FFF77FFEE5E708B5406AE7
:104240000023C385C384FFF7CCFF08BD704790F8F7
:104250004230DBB2222B69D18368B3F5805F4FD047
:10426000826AB3F5805F04D0002B56D10369002B1E
:1042700053D103685B681370836A01338362C38D13
:104280009BB2013B9BB2C385002B51D100B583B0DB
:104290000268D36823F02003D3600268D36823F454
:1042A0008073D3600268536923F0010353612023B4
:1042B00080F8423000234363036B012B33D100238A
:1042C0000363026802F10C0353E8003F23F010037C
:1042D0000C3242E800310029F3D103681A6812F069
:1042E000100F06D0002201921A6801925B680193B8
:1042F000019B818DFFF7AAFF002003B05DF804FB4E
:104300000269002AACD1826A03685B68C3F30803C0
:104310001380836A02338362B1E703685B6803F04A
:104320007F031370A8E7FFF75BFFE5E70220704704
:104330000020704710B582B0044602681368D06848
:10434000516913F00F0F09D113F0200F0CD010F0AA
:10435000200F09D02046FFF77AFF16E011F0010187
:1043600015D110F4907F12D1216B012979D013F06F
:10437000800F03D010F0800F40F0138113F0400F36
:1043800003D010F0400F40F0108102B010BD13F0C8
:10439000010F06D010F4807F03D0626C42F001025E
:1043A000626413F0040F04D019B1626C42F002028F
:1043B000626413F0020F04D019B1626C42F004027F
:1043C000626413F0080F07D010F0200F00D119B16C
:1043D000626C42F008026264626C002AD5D013F06D
:1043E000200F02D010F0200F29D123685B6903F061
:1043F0004003626C12F0080F00D163B32046FFF750
:104400009BFD23685B6913F0400F20D0226802F106
:10441000140353E8003F23F04003143242E8003114
:104420000029F3D1E36B73B1624A5A63E06BFEF784
:1044300081FB0028A9D0E06B436B9847A5E7204695
:10444000FFF705FFD1E72046FFF7CBFE9DE72046AB
:10445000FFF7C7FE99E72046FFF7C3FE002363641A
:1044600093E713F0100F82D010F0100F3FF47FAFDE
:10447000002301931368019353680193019B5369CF
:1044800013F0400F51D0E26B13685B689BB2002BB6
:104490003FF47BAFA18D99427FF677AFE3859369B7
:1044A000202B37D0226802F10C0353E8003F23F49D
:1044B00080730C3242E800310029F3D1226802F106
:1044C000140353E8003F23F00103143242E80031A3
:1044D0000029F3D1226802F1140353E8003F23F0CE
:1044E0004003143242E800310029F3D1202384F83C
:1044F000423000232363226802F10C0353E8003F9B
:1045000023F010030C3242E800310029F3D1E06BB4
:10451000FEF7EDFA02236363A18DE38D9BB2C91A06
:1045200089B22046FFF792FE2FE7A18DE38D9BB263
:10453000C91A89B2E38D9BB2002B3FF426AF002944
:104540003FF423AF226802F10C0353E8003F23F449
:1045500090730C3242E800300028F3D1226802F157
:10456000140353E8003F23F00103143242E8003003
:104570000028F3D1202384F84230002323632268EB
:1045800002F10C0353E8003F23F010030C3242E821
:1045900000300028F3D1022363632046FFF756FE64
:1045A000F3E62046FFF7F6FCEFE62046FFF705FEB0
:1045B000EBE600BF3D42000810B50E4A0023136031
:1045C0000023137153719371D37104E00A4A0021DF
:1045D00042F823100133132BF8DD084C2046FDF779
:1045E0003FFD2046FDF718FC4FF0FF312046FDF758
:1045F000E7F910BDAC0800205C080020E0060020B0
:1046000010B50F490B780F4A42F823005A1C0E4B85
:1046100083FB0203DB1003EB8303A2EB83030B702A
:104620000024002005E0074B53F82410FBF732FF6D
:104630000134132CF7DD0549FCF7E8F810BD00BF85
:10464000580800205C080020676666660000A041EC
:1046500008B5FBF7D3FF0449FCF724F80349FBF73F
:1046600019FFFFF7CDFF08BD20C5A43C38D2163D89
:1046700010B52848FDF766FA00B2FFF7E9FF0446D7
:10468000254B18602549FCF7BFF9A8B1224B1B79CF
:10469000132B02D80133204A13711F4B1B79132BA4
:1046A00005D91D4B01229A710022DA7110BD1A4BF7
:1046B00000229A71DA71F9E719492046FCF79AF954
:1046C000A8B1154B5B79132B02D80133124A5371F1
:1046D000114B5B79132B05D90F4B00229A710122E4
:1046E000DA71E3E70C4B00229A71DA71DEE70D49CB
:1046F0002046FCF789F90028D8D00B492046FCF762
:104700006FF90028D2D0044B00221A715A719A71A5
:10471000DA71CBE7E0060020AC0800200000584228
:1047200000001E42000026420000564210B5044C14
:104730000C212046FFF74AFB236800221A6410BDB3
:104740003C070020044B1B68DA6A52081A641A6896
:1047500042F001021A6070473C0700200A4B1B68B8
:10476000196A41F21112114208D1196A40F2444209
:10477000114203D11A6822F001021A60024B1B6831
:1047800000221A64704700BF3C07002008B5224B86
:104790009B79D3B1214B00221A70214B1B784F2BF0
:1047A00005D9632B0AD91E4B00221A7008BDFFF7EA
:1047B000C9FF1B4A137801331370F7E7FFF7CEFFE9
:1047C000174A137801331370F0E7134BDB79D3B139
:1047D000134B00221A70114B1B78132B05D9632B36
:1047E0000AD90E4B00221A70E0E7FFF7ABFF0B4A25
:1047F000137801331370D9E7FFF7B0FF074A137836
:1048000001331370D2E70023054A1370034A137073
:10481000FFF7A4FFCAE700BFAC080020B4080020DF
:10482000B508002010B58AB0002305930693012235
:1048300007920093019302930393089204930E232B
:104840000993074C69462046FDF731FD2046FDF7E8
:10485000B4FD02212046FDF708FF0AB010BD00BFDD
:104860001007002000B589B04FF4F77302930023BE
:10487000049305930423069300906B446A4602A9AF
:104880000248FDF7C8FD09B05DF804FB10070020E1
:1048900000B58BB001AB03AA0021FDF731FE0BB0D0
:1048A0005DF804FB0FB410B582B004AB53F8042BD1
:1048B0000193084C4FF40071204600F047F982B292
:1048C00021460548FFF710FC02B0BDE8104004B0D7
:1048D000704700BFB80800200C080020024A0349B6
:1048E000034800F0C9B800BF0C0000208171000827
:1048F000200000200C4B416810B59942044601D0BD
:1049000002F03EFCA168094B994202D0204602F019
:1049100037FCE168064B994204D02046BDE81040C0
:1049200002F02EBC10BD00BFB80A0020200B0020F2
:10493000880B00202DE9F84300250423304C314A30
:104940003149DFF8C890DFF8C880324F324E11602D
:1049500004F15C0029460822C4E90335C4E9005586
:10496000C4E90555A560656600F026F904F1580014
:10497000C4E90749C4E90987E66200F0EFF9274B6B
:104980002946082204F1C4006367C4E91A55C4E942
:104990001E552567C4F8CC50C4F8805000F00CF9BF
:1049A00004F1680304F1C000C4F88430C4E922981B
:1049B000C4E9247600F0D2F9194B294604F5967023
:1049C0000822C4F8DC30C4E93455C4E93855C4F8C9
:1049D000D850C4F83451C4F8E85000F0EDF804F1B0
:1049E000D003C4E93D87C4F8F09004F59470C4F88E
:1049F000FC60C4F8EC30BDE8F84300F0AFB900BF8C
:104A0000B80A0020F00B0020DD480008BD4A00086D
:104A1000E14A0008214B0008454B0008090001004D
:104A20001200020010B504460A4800F09BF9636BBF
:104A300023B9094B094A1B68626323B1BDE81040E2
:104A4000044800F091B9FFF775FFBDE81040014838
:104A500000F08AB9000C0020F00B0020F548000897
:104A6000014800F07FB900BF000C0020014800F0B1
:104A70007BB900BF000C00202DE9F8434FF000097E
:104A800080460F461646D6E90154013D10D4A3894D
:104A9000013D012B08D9B4F90E30013304D0214671
:104AA0004046B84749EA00096B1C04F16804EED19E
:104AB0003668002EE7D14846BDE8F88310B50C46AD
:104AC000B1F90E1000F0F0F8002803DB236D034469
:104AD000236510BDA38923F48053A38110BD00BFBB
:104AE0002DE9F0410C46B1F90C101F46CB050546E7
:104AF00016460BD421F48051A1813B46324628460C
:104B0000B4F90E10BDE8F04100F0E4B8B4F90E10AD
:104B10000223002200F0B2F8B4F90C10EAE700BF5B
:104B200010B50C46B1F90E1000F0A8F8B4F90C302D
:104B3000421C0EBF23F4805343F480532065A381AD
:104B400010BD00BFB1F90E1000F086B810B5194CB9
:104B5000002924689AB028DB009004904FF402707A
:104B60004FF6FF7CADF80C0011D001390291059190
:104B700020466946ADF80EC000F026FD421C01DA61
:104B80008B2323600022009B1A701AB010BD029183
:104B9000059120466946ADF80EC000F015FD431C96
:104BA00001DA8B2323601AB010BD8B234FF0FF3046
:104BB0002360F8E71800002070B5860747D0541E20
:104BC000002A3ED00346CAB201E0013C39D303F8C3
:104BD000012B9D07F9D1032C2CD9CDB205EB05256E
:104BE0000F2C1A4605EB054534D9A4F1100C2CF016
:104BF0000F0603F1100EB6444FEA1C1C15605560F9
:104C00009560D56010327245F8D10CF1010214F0B4
:104C10000C0F03EB021204F00F0C13D0ACF10403E1
:104C200023F003030433134442F8045B9A42FBD19C
:104C30000CF003042CB1C9B21C4403F8011B9C42C4
:104C4000FBD170BD64461346002CF4D1F9E703464E
:104C50001446C0E7A446E1E7002238B5064D0446F5
:104C600008462A60FCF7C4FC431C00D038BD2B6802
:104C7000002BFBD0236038BDF40B002038B50C4668
:104C8000114600228446074D20462A601A46644693
:104C9000FCF7B8FC431C00D038BD2B68002BFBD0C0
:104CA000236038BDF40B002038B50C4611460022B5
:104CB0008446074D20462A601A466446FCF77AFC73
:104CC000431C00D038BD2B68002BFBD0236038BDBF
:104CD000F40B002038B50C46114600228446074DDF
:104CE00020462A601A466446FCF774FC431C00D038
:104CF00038BD2B68002BFBD0236038BDF40B00209F
:104D0000014B1868704700BF1800002070B50F4BAA
:104D10000F4DAB42A3EB050607D00024B61055F8A3
:104D2000043B01349847A642F9D805F0DDFF094D50
:104D3000094B5E1BAB424FEAA60606D0002455F88D
:104D4000043B01349847A642F9D870BD4CB1000825
:104D50004CB100084CB1000854B10008704700BFC6
:104D6000704700BF704700BF704700BF024B13B1D0
:104D7000024800F005B870470000000061740008A8
:104D8000002301461A46184602F03EBC2DE9F843BE
:104D900006460820894602F077FB0546DFF8988032
:104DA000304600F005FCD8F808305F6827F00307AC
:104DB000A7F11104A4EB09042C44B4FBF5F4013C65
:104DC00005FB04F4A54208DC0021304602F036FB66
:104DD000D8F808303B44984205D0304600F0EEFB4E
:104DE0000020BDE8F8833046614202F027FB013025
:104DF0000FD0124AD8F808303F1B47F001075F6018
:104E0000136830461B1B136000F0D8FB0120BDE87F
:104E1000F8830021304602F011FBD8F80820831AED
:104E20000F2BDADD43F001035360054B03491B6888
:104E3000C01A0860D1E700BF50010020080C002014
:104E40004401002000297CD0F8B50C46064600F04D
:104E5000AFFB54F8043C774FA4F1080523F001019F
:104E60006818D7F808C04268844522F0030200F0B1
:104E70008380DB07426000EB020C33D454F8084C0B
:104E8000DCF804302D1B2144AC6807F1080C6445A4
:104E900003F0010364D0D5F80CE0C4F80CE0CEF8C0
:104EA0000840002B00F0818041F001036B6001603D
:104EB000B1F5007F22D20122CB0849098A407968E6
:104EC00001330A437A6057F8331007EBC302083AFC
:104ED000C5E9021247F83350CD603046BDE8F840CE
:104EE00000F06CBBDCF80430DB072BD541F001038C
:104EF000B1F5007F44F8043C0160DCD3B1F5206FCC
:104F00004FEA512353D28B0903F1390003F13802E0
:104F1000C300F818FB580838984203D163E09B6837
:104F2000984204D05A6822F003028A42F7D8D8681F
:104F3000C5E9023085603046DD60BDE8F84000F02C
:104F40003DBB7047114407F1080C836863453FD0AF
:104F5000C268DA60936041F001036B606950A7E7B3
:104F6000002B61D10A44D0E90213CB60996042F072
:104F700001036B60AA50B0E70A44D90707D454F87C
:104F8000083CED1A1A44D5E90213CB60996042F04F
:104F900001036B60284BBD601B6893429DD8274B73
:104FA00030461968FFF7F2FE97E71144CDE7142B5E
:104FB00008D9542B1FD80B0B03F16F0003F16E02BD
:104FC000C300A6E703F15C0003F15B02C300A0E7A6
:104FD00041F001033D617D61C5F808C0C5F80CC012
:104FE0006B60695079E70121921001FA02F2796849
:104FF0000A437A609CE7B3F5AA7F06D8CB0B03F18E
:10500000780003F17702C30083E740F254529342E1
:1050100006D88B0C03F17D0003F17C02C30078E716
:105020004FF47E737E2274E741F001036B600160F0
:1050300053E700BF5001002048010020380C002039
:105040002DE9F04F01F10B05162D064683B024D84B
:10505000102900F2AA8000F0ABFA102518234FF0B7
:10506000020CB74F3B445C68A3F10802944200F085
:10507000198130466368E268A16823F00303CA60BF
:10508000234491605A68083442F001025A6000F0EB
:1050900095FA204603B0BDE8F08F35F0070500F122
:1050A0008480A94200F2818000F082FAB5F5FC7F8D
:1050B000C0F06F816B0A7CD0042B00F21B81AB091E
:1050C00003F1390C03F1380E4FEACC009C4F384401
:1050D00044680838A04207D10DE0002AE16880F258
:1050E000DB80884207D00C46636823F003035A1B19
:1050F0000F2AF2DDF446DFF84C823C69444500F0AB
:10510000B980636823F0030EAEEB05030F2B00F3A9
:105110004581002BC7E9048880F22F81BEF5007F0E
:10512000786880F0C68001234FEADE014FEA5E1EF8
:10513000194403FA0EF357F83120184307EBC10363
:10514000083BA260E360786047F83140D4600121F9
:105150004FEAAC039940814232D8014206D12CF08B
:10516000030C490001420CF1040CFAD007EBCC0A05
:105170005046E146D0F80CE00DE0DEF8042074461D
:1051800022F00302531B0F2BDEF80CE000F3BF806C
:10519000002B80F2E3807045EFD109F1010919F08D
:1051A000030F00F10800E5D124E10C233360002453
:1051B0006FE74FF400704FF0400C4FF03F0E85E763
:1051C000BC68636823F00309A94503D3A9EB050371
:1051D0000F2B51DC5C4B08201B6803F1100802F018
:1051E00053F95A4A04EB09030093136883460133C9
:1051F000A84405D008F1FF388044434203EA080878
:105200004146304602F01AF9B0F1FF3F82464F4A5C
:1052100000F0E18004EB0903834200F2DA804C4B9A
:105220000BF1FF31186840448446186040F000815B
:105230001AEA010F40F0FC80D7F808A0C84448F0F3
:105240000102CAF804205446424B1968814238BF13
:105250001860414B1968814238BF186022F003087A
:10526000A845A8EB050301D30F2B05DC304600F061
:10527000A5F99CE778686AE7621943F0010345F0F5
:10528000010565603046BA600834536000F096F955
:10529000204603B0BDE8F08FA2683046D1602344B9
:1052A0008A60EFE6DC68A3427FF4E3AE0CF1020C07
:1052B00021E7BEF5206F4FEA5E22C0F08380142AFA
:1052C00000F2178102F15C03DB005B32F918FB5836
:1052D0000839994203D1F3E09B68994204D05A6897
:1052E00022F003027245F7D8D968C4E902318C6014
:1052F000DC602CE7142B71D9542B00F203812B0BAB
:1053000003F16F0C03F16E0E4FEACC00DEE661197B
:10531000304645F00105A668656043F00105C6F812
:105320000CE0CEF80860C7E90411C1F80880C1F8A4
:105330000C804D60A35000F041F90834A9E600BF8D
:105340005001002058010020380C002044010020AA
:10535000080C0020340C0020300C0020224453683C
:10536000304643F00103536054F8083FC3F80CE0A3
:10537000CEF8083000F022F98BE6A644DEF80430BF
:10538000304643F00103CEF8043000F017F908343A
:105390007FE64FEAD50C05F1080362E6621943F097
:1053A000010145F0010565603046C7E90422C2F8F5
:1053B0000880C2F80C80516044F80E3000F0FEF80E
:1053C000083466E64FEA9E1202F13903DB003832F8
:1053D0007CE7BC4224D0BC6862683FE703F15C0C08
:1053E00003F15B0E4FEACC0070E65AF808395345DA
:1053F00040F0D9801CF0030F0CF1FF3CF5D17B6825
:1054000023EA01037B60490099423FF6D9AE19B9FE
:10541000D6E6490009F104091942FAD0CC46A5E6BE
:10542000624B0BF1FF31186808EB000CC3F800C0A9
:105430001068013071D004EB0902AAEB0202624449
:105440001A601AF00702CDE9002341D0C2F1080228
:105450009244D04408EA01005A44121A02EA010BAD
:105460005946304601F0EAFF421C019B72D0A0EB86
:105470000A0000EB0B08186848F001025844BC42CF
:10548000C7F808A01860CAF804203FF4DCAEB9F1F0
:105490000F0F45D94FF0050C6168A9F10C0222F0FD
:1054A000070201F00101114361600F2A04EB0201C0
:1054B000C1F804C0C1F808C054D8DAF80420C2E624
:1054C0004FF0010E92100EFA02F2104378600CE7D2
:1054D0000AEB08020A40ABEB020202EA010B594652
:1054E000304601F0ABFF431C019BC0D1DDF800B09A
:1054F000C1E7542A18D84FEA1E3202F16F03DB00CD
:105500006E32E3E6B3F5AA7F18D8EB0B03F1780C03
:1055100003F1770E4FEACC00D8E5C2F800A090E77F
:105520000123CAF80430A1E6B2F5AA7F25D84FEAD4
:10553000DE3202F17803DB007732C7E640F25452E4
:10554000934225D8AB0C03F17D0C03F17C0E4FEA9E
:10555000CC00BBE5009A4FF0000B083A9044A8EB52
:105560000A0888E7304604F108010093FFF76AFC57
:10557000009BD7F808A018689FE740F254539A425E
:105580000DD84FEA9E4202F17D03DB007C329DE69E
:105590004FF47E704FF07F0C4FF07E0E96E54FF487
:1055A0007E737E2292E67B682DE700BF080C002008
:1055B0000148FFF7D7BB00BFF80B00200148FFF7F9
:1055C000D3BB00BFF80B00202DE9F04FDDB00C4637
:1055D00091460C910E93834601F02CFF0368184608
:1055E0001A9301F0ABFF0346082200212CA8189360
:1055F000FFF7E2FAA3891A0603D52369002B00F00E
:105600008F87002300249E46CDE93133002333AA3F
:105610009046CDE91434CDE91CEE3092CDF864E02B
:10562000CDF86CE0CDF85CE0CDF828E0CDF848E0AE
:10563000CDF820B0CDF81890069E089D6F4B2CAF8A
:10564000D3F8E44001F0F0FE3246034628A928468C
:105650000097A047002800F09F80C0F29580289B0B
:10566000252B01D00644E9E7069B0546F71A40F0D2
:10567000978000224FF0FF33914609937378741C92
:105680008DF897200B921F460134A7F120035A2B67
:1056900000F2B680DFE813F0F202B400B400EE02CC
:1056A000B400B400B400CE02B400B4006A004302F7
:1056B000B4003F020003B400FC025B005B005B002F
:1056C0005B005B005B005B005B005B00B400B40050
:1056D000B400B400B400B400B4003701B400C30196
:1056E0001A03370137013701B400B400B400B40025
:1056F000CA02B400B4004802B400B400B400E60129
:10570000B400B802B400B4000507B400B400B4009B
:10571000B400B400B400B400B4003701B400C30155
:105720001702370137013701790217027400B400FC
:105730009202B400830227079C027400B400E601C1
:1057400072000107B400B4002A07B40072000022FE
:10575000A7F1300314F8017B02EB820203EB420253
:10576000A7F13003092BF5D90B928EE70E9B53F866
:10577000042B002A0B920E93C0F2CA81237882E791
:10578000237849F020097EE7082200212CA8FFF7A2
:1057900013FA0120064451E7069B0546F71A12D07A
:1057A000069BC8E90037329B3B443293319B01335F
:1057B000072B319318DC08F108080A9B3B440A9335
:1057C000002D7FF456AF329BDDF820B0002B41F066
:1057D000F6810C9B9B8903F04003002B41F0B283C0
:1057E0000A985DB0BDE8F08F0C99089830AA03F0D4
:1057F0001BFB0028EDD10DF1CC08DEE75805002099
:105800000F94002FDFD04FF0010B002243AB8DF837
:105810000C71CDF81CB00693CDE910228DF89720BD
:105820000D920992139219F0020302D007990231E6
:10583000079119F08404329D05D10B9907980E1A2F
:10584000002E00F3A88082B10122C8F80420319A0A
:10585000013501320DF19701072A32953192C8F8CE
:10586000001000F3178408F108087BB10223C8F880
:105870000430319B0235013326AA072B3295319330
:10588000C8F8002000F3F98308F10808802C00F024
:10589000BB82099BA3EB0B06002E00F3FB8219F4DD
:1058A000807F40F02B82069B5D44C8F80030319B1E
:1058B000C8F804B00133072B3295319300F36183AC
:1058C00008F1080819F0040F05D00B9B079A9C1AE1
:1058D000002C00F3EE83DDE90A3207998A42ACBF5F
:1058E0009B185B180A93002D40F00C830023319322
:1058F0000D9B1BB10D990898FFF7A4FA0DF1CC0888
:105900000F9B069398E60E9B0F94073323F0070333
:10591000F3E802450E9325F0004321932094DDE93E
:1059200020AB4FF0FF3250465946B24BCDE91445FB
:10593000FBF78EFB002840F057854FF0FF325046B2
:105940005946AC4BFBF766FB002840F04D85002222
:10595000002320462946FBF753FB002841F04F80E7
:105960009DF8972000214FF0030BA34CA34B29F087
:1059700080090D91CDF81CB0472FC8BF1C46CDE95A
:105980001011069409911391002A3FF44CAF079B24
:105990000133079347E7102E319A41F37982DFF8FC
:1059A00060C241462846B846CDE91E344FF0100A81
:1059B0006746089D0C9CCDF858C004E0103E102EA0
:1059C00001F1080115DD01321030072AC1E9007A22
:1059D000CDE93120F2DD2146284630AA03F024FA31
:1059E000002840F0F686DDE93120103E102E33A964
:1059F000E9DC4746DDE91E34884605460132169942
:105A00003544072ACDE93125C8F80010C8F80460EC
:105A100000F3CE869DF8972008F1080813E70E9B47
:105A2000432F0F9403F1040503D019F0100F00F079
:105A30006185082200212EA8FFF7BEF80E9A43AC1C
:105A40002146126808982EAB03F0BCF9B0F1FF3F75
:105A5000834601F0728220EAE073079300220E95DC
:105A60000694D9E600230E9E8DF8973056F8043B35
:105A70000F940693002B00F06285532F00F0C3862D
:105A800019F01003109340F0BE86099B5C1C01F0D6
:105A9000A1801A461099069801F004FD0D90002887
:105AA00001F018830D9B069A7327A3EB020B109B42
:105AB0002BEAEB719DF897200E96099307911393AB
:105AC00011930D9360E719F0200F0F9400F00581FA
:105AD0000E9B073323F007031846596850F8083B1C
:105AE0000A460E900029C0F231840999013100F074
:105AF000B48253EA020129F0800B40F0AF82099A88
:105B0000002A40F0B0825CABD946069393466EE122
:105B10000B9B5B420B93237849F00409B3E52B23DD
:105B20008DF897302378AEE50F9449F0100919F0FD
:105B3000200200F0E7830E9B073323F0070319468A
:105B40005A6851F8083B0E91002129F4806B00201F
:105B5000099C8DF89700601C00F02C8153EA02002C
:105B60002BF0800940F02581002C40F0348600297C
:105B700040F0F6831BF0010B00F0198430238DF800
:105B80006F310DF26F13069331E12378682B03BF59
:105B9000637849F40079013449F0400973E519F05C
:105BA000200F0F9400F00E840E9B0A9A1B681A6057
:105BB000D2175A600E9B04330E93A1E623786C2B08
:105BC00003BF637849F02009013449F010095AE510
:105BD00047F630030E9A0B48ADF8983052F8043B64
:105BE00002210E92782700220F9449F0020B19909F
:105BF000ADE700BFFFFFEF7F5CAD000860AD0008C0
:105C0000B0AD00086CAD00080F9449F0100B1BF00C
:105C1000200200F086830E9B0121073323F0070347
:105C200018465A6850F8083B0E9090E7237849F0E0
:105C3000080928E5089D284601F0FCFB4368184642
:105C40001C9301F07BFC034628461D931D4601F082
:105C5000F1FB83681793002D3FF490AD179A2378DA
:105C6000002A3FF410AD1278002A3FF40CAD49F43D
:105C7000806908E5237849F0010904E59DF897203B
:105C80002378002A7FF4FFAC20228DF89720FAE4D5
:105C9000237849F08009F6E4224612F8017B2A2F86
:105CA00001F02782A7F13003092B144698BF002288
:105CB00001F2F28014F8017B02EB820203EB420254
:105CC000A7F13003092BF5D90992DEE449F0100958
:105CD00019F0200F0F947FF4FBAE0E9A19F0100FFD
:105CE00052F8043B0E9240F0698319F0400F00F027
:105CF000618343F3C03211461BB2F3E6652F40F3D4
:105D00004F81DDE9140100220023FBF76FF9002821
:105D100000F00C820123C8F80430319B9E4A013305
:105D20000135072B32953193C8F8002000F35E85CA
:105D300008F10808279B129A934280F23383189B3C
:105D40001A9A1D44C8E90023319B32950133072B71
:105D5000319300F3D98308F10808129B5C1E002CD4
:105D60007FF7B0AD102C319B40F3A3858B4F1026ED
:105D7000DDF820B0DDF830A0169705E008F108083E
:105D8000103C102C40F3978501331035072BC8E9E0
:105D90000076CDE93135F1DD5146584630AA03F0A1
:105DA00043F8002840F09382DDE931350DF1CC084D
:105DB000E6E7CB46012900F05181022900F0398144
:105DC0005CAC03F00701DB0843EA4273D2083031D0
:105DD00053EA0205204604F8011DF2D11BF0010F21
:105DE000069440F025825CABD946A3EB040B099ADC
:105DF00000235A45B8BF5A46CDE9103307920D9398
:105E00009DF897201393BFE50B9B079A9E1A002ECF
:105E10007FF73FAD102E319B41F383805F484246B0
:105E2000294610240546DDF820A0DDF830801690C4
:105E300004E0103E102E02F1080215DD013310318E
:105E4000072BC2E90054CDE93131F2DD414650461D
:105E500030AA02F0E9FF002840F02785DDE9313162
:105E6000103E102E33AAE9DC90460D460133169AF7
:105E70003544072BCDE93135C8F80020C8F8046057
:105E800000F33B85099B08F10808A3EB0B06002EE5
:105E90007FF705AD414A102E319B169223DD2A462D
:105EA0004FF0100A089C0C9D04E0103E102E08F1E3
:105EB000080817DD013339491032072BC8E9001AE9
:105EC000CDE93132F1DD2946204630AA02F0ACFF9F
:105ED000002840F0FB81DDE93132103E102E0DF13B
:105EE000CC08E7DC15460133169A3544072BCDE97B
:105EF0003135C8F80020C8F8046000F3F68108F1D5
:105F00000808CCE40C99089830AA02F08DFF00280C
:105F10003FF4ECACDDF820B0D9E10123C8F804303F
:105F2000319B1D4901330135072B32953193C8F858
:105F3000001000F3798508F10808002A40F0F08489
:105F4000129A09F0010313433FF4BCAC189B1A9A50
:105F50001D44C8E90023319B32950133072B31934F
:105F600000F3638608F10808069A0133C8F8002098
:105F7000129A072B1544CDE93135C8F804207FF774
:105F80009FAC0C99089830AA02F04EFF0028C1D1AE
:105F9000329D0DF1CC0895E49CAD0008A0AD000841
:105FA000129B319E012B069B05F10105C8F80030BC
:105FB0004FF0010306F10106CDE9316508F108074C
:105FC000C8F8043040F34281072E00F3CE81189BBD
:105FD00001361A9A1D44072EC7E90023CDE9316521
:105FE00000F3CF810837129B0022DDE9140103F191
:105FF000FF380023FAF7FAFF002840F03A81069CA8
:10600000013601344544072ECDE931653C60C7F8BF
:10601000048000F3228108371B9B01361D447B60FE
:10602000072E2AABCDE931653B60AADC07F10808F1
:1060300048E4199C5CA903F00F00205C1B0943EAAB
:106040000273120901F8010D53EA0200F3D15CABAF
:10605000D9460691A3EB010BC9E6CB460A2B72F198
:10606000000180F0438330338DF86F310DF26F13F0
:10607000D94606934FF0010BB9E60C99089830AA5F
:1060800002F0D2FE00287FF445AF329D0DF1CC081E
:10609000FFF7FCBB0C99089830AA169302F0C4FED7
:1060A00000287FF437AF329D169B0DF1CC08FFF727
:1060B000DCBB102C319B40F32687B84F1026DDF84F
:1060C0002090DDF830A0169704E0103C102C08F169
:1060D000080816DD01331035072BC8E90076CDE935
:1060E0003135F2DD5146484630AA02F09DFE0028C7
:1060F00040F0DD83DDE93135103C102C0DF1CC088A
:10610000E8DC0133169A2544072BC8E90024CDE9C1
:1061100031357FF7E0AB0C99089830AA02F084FE85
:1061200000287FF4F7AE329DFFF7D5BB279A002AEF
:106130007FF7F3AE109F129B069A9F42A8BF1F469F
:10614000002F02EB030B0BDD319B3D440133072B8A
:10615000C8E900273295319300F3368608F1080824
:10616000109E002FA8BFF61B002E00F3F981DDF86A
:1061700018A0109B19F4806F9A4440F01982279C54
:10618000129B9C4203DB19F0010F00F06A84189BFC
:106190001A9A1D44C8E90023319B32950133072B1D
:1061A000319300F3678608F10808129BABEB0A06EF
:1061B0001C1BA642A8BF2646002E0DDD319B354490
:1061C0000133072BC8F800A0C8F80460329531935A
:1061D00000F36D8608F10808002EA8BFA41B002C50
:1061E0007FF770AB102C319B40F363836C4F10260C
:1061F000DDF820B0DDF830A0169705E008F10808BA
:10620000103C102C40F3578301331035072BC8E99D
:106210000076CDE93135F1DD5146584630AA02F01D
:1062200003FE002853D1DDE931350DF1CC08E7E755
:10623000302900F04E833023069A023802F8013CE0
:106240005CABD9460690A3EB000BD0E519F0010F2B
:106250007FF4BAAE072E7FF7DFAE0C99089830AA0C
:1062600002F0E2FD00287FF455AEDDE9316533AF81
:10627000D2E6129B012B7FF7CFAE112B40F36A873A
:10628000474BCDF8189010249946DDF820A0DDF892
:1062900030B0169306E00837A8F11008B8F1100FD7
:1062A00040F3728301361035072EC7E90094CDE91B
:1062B0003165F0DD5946504630AA02F0B5FD0028A0
:1062C00040F0F382DDE9316533AFE5E7A3460D9B8E
:1062D000002B3FF47EAA58460D99FEF7B3FD0C9BA8
:1062E0009B8903F04003FFF778BA0C99089830AA0D
:1062F00002F09AFD00287FF40DAE329D0DF1CC081E
:10630000FFF7CDBA0E9951F8043B0E9119F0100128
:106310007FF41AAC19F0400000F04A830A469BB2A1
:1063200012E40E9951F8043B0E911BF010010BD1B1
:106330001BF0400003D00A469BB2012107E41BF486
:1063400000721CBF0246DBB2012100E45B42CB4677
:106350004FF02D004FF0010162EB4202FFF7F8BB56
:106360005CABDDF824B0069341E50C99089830AA9F
:1063700002F05AFD00287FF4CDADDDE9316533AF81
:1063800025E60C99089830AA02F04EFD00287FF40B
:10639000C1ADDDE9316533AF25E600BFB0AD000822
:1063A000A0AD000819F0010F3FF48CAAC7E45CAB64
:1063B00006931CE519F4007F40F06283DA1711465A
:1063C000FFF790BB19F0100F40F0A48219F0400FB6
:1063D00040F0508319F4007F00F09C820E9B0A9AD3
:1063E0001B681A70FFF7E6BBDDE9140102460B4695
:1063F000FAF72EFE002840F04286612F00F0FA8462
:10640000412F00F06485099B013300F01C8427F0C4
:106410002003472B04D1099B002B08BF01230993BC
:1064200049F48070DDE91412002A4FF00003169041
:10643000CDF84490C0F21485CDE922121E930D933D
:10644000A7F14103252B00F22383DFE813F00704B3
:106450002103210321030004040421032103210358
:10646000210321032103210321032103210321030C
:1064700021032103210321032103210321032103FC
:1064800021032103210321032103210321032103EC
:1064900021032103210300040404CB460F94FFF7DA
:1064A000B6BBBE4B0F94199319F0200200F0048183
:1064B0000E9B073323F0070319465A6851F8083B2F
:1064C0000E9119F0010F09D053EA020106D03021D4
:1064D0008DF8997049F002098DF89810022129F47D
:1064E000806BFFF734BB0F94FFF721BBAC4B0F94CD
:1064F0001993D9E70E9B43AC1B688DF80C3101232F
:106500009B460793FFF7AABA0C99089830AA02F0A5
:106510008BFC00287FF4FEAC329D0DF1CC081CE40E
:1065200040215846FEF78CFD0C9B1860186100282E
:1065300000F01C8640230C9A5361FFF762B8099B58
:10654000069A062B28BF062396489B46CDE91022C3
:1065500007930E9609920D9206901392FFF714BAC4
:10656000102E319B40F3E1858F492A4610270D46B6
:10657000089CDDF830A0169105E008F10808103EEF
:10658000102E40F32B8201331032072BC8E900573D
:10659000CDE93132F1DD5146204630AA02F044FC0B
:1065A00000287FF493AEDDE931320DF1CC08E6E747
:1065B000119B42462946CDF818B05546CDF8249097
:1065C000794FDDF84C90DDF87480DDF85CA0DDF8E3
:1065D00020B083B3B9F1000F00F0028109F1FF3957
:1065E00031981C9B013041440728C2E900383291A0
:1065F000319070DC0832069B9AF800005E1B8642E0
:10660000A8BF0646002E0CDD319831440130072822
:10661000C2E900563291319000F362819AF800008D
:106620000832002EB4BF0446841B002C13DC054442
:10663000119B002BCED1B9F1000FCFD1CDF85CA0CA
:10664000AA46DDF818B09046DA450D4628BFDA466E
:10665000DDF8249093E5102CC8BF3E46319806DC47
:1066600000F044BD103C102C02F1080216DD10238E
:10667000013010310728CDE9310117605360F1DD99
:1066800058460C9930AA02F0CFFB00287FF41FAEC9
:10669000DDE93101103C102C33AAE8DC0130214443
:1066A0000728CDE931011660546000F37F839AF822
:1066B000000008320544BBE70E9951F8043B0E91E7
:1066C00019F010017FF4FDAE19F0400000F06A816E
:1066D0000A469BB2F5E658460C9930AA02F0A4FB94
:1066E00000287FF4F4AD329933AA84E70BF480617B
:1066F000CDE9067B4FF0000E4FF0CC3A05240F4653
:10670000DFF8A8900DF5B87CCDF8348006E00A2BB0
:1067100072F1000235D343462A46B446991841F136
:106720000001A9FB010525F0030000EB9500091A03
:10673000581A0AFB00F562F1000BA0FB098009FB67
:106740000B5508F0010B0544ABFB040B40184FEA56
:106750005808303048EAC5780EF1010E0CF1FF36CA
:106760000CF8010C6D08002FD1D0179909788E45CF
:10677000CDD1BEF1FF0FCAD00A2B72F1000280F01A
:106780004381DDE9067B5CABD946DDF83480CDF88A
:1067900048E00696A3EB060BFFF729BB80AD000887
:1067A0006CAD000894AD0008A0AD0008CDCCCCCCF9
:1067B0000C99089830AA169302F036FB00287FF453
:1067C000A9AB9DF89720329D169B0DF1CC08FFF7E1
:1067D0003AB8AB467BE50129CB467FF4EEAA42E40A
:1067E000119B0AF1FF3A013B1193F9E60C990898C5
:1067F00030AA02F019FB00287FF48CAB329D0DF11A
:10680000CC08FFF797BA069B2EAC08220021204641
:106810002993FEF7D1F9DDF824A0BAF1FF3F00F08B
:10682000CE8000250797AB46089F0DE023463846EB
:1068300043A902F0C7FA431C584400F07E83504538
:1068400007DC00F035848346299B5A590435002A19
:10685000ECD1079FBBF1000F00F0F480BBF1630F98
:1068600000F3CA8100230D9343AB06930822002155
:106870002046FEF7A1F95B4606990898009429AADC
:1068800002F0C6FA834540F0688400232BEAEB72DD
:106890000792069ACDE9103302F80B309DF8972045
:1068A0000E9609931393FFF76FB8D3460FE5CB46C7
:1068B0000DE5764A1692169A01332544072BC8F83F
:1068C0000020C8F80440CDE931357EF7F9AFFFF775
:1068D00058BB069A5CABD946A3EB020BFFF787BA0D
:1068E00058460C9930AA02F09FFA00287FF4EFACCA
:1068F0009AF80000329933AA93E60C99089830AAC6
:1069000002F092FA00287FF405AB329D0DF1CC081D
:10691000FEF7BFBF0E9B0A9A1B681A60FFF74AB9C1
:10692000189B1A991D44C8E90013319B3295013315
:10693000072B319300F3798108F10808002ABFF68C
:1069400013AB5642103280F20283504C102716943B
:1069500005E008F10808103E102E40F3FA820133DA
:106960001035072BC8E90047CDE93135F1DD0C9929
:10697000089830AA02F058FA00287FF4CBAADDE983
:1069800031350DF1CC08E6E7DDF818900136169B9D
:106990004544072ECDE931653B60C7F804807FF799
:1069A0003AAB5AE419F400721CBF0246DBB288E528
:1069B00019F400721CBF0246DBB2FFF7C5B8002312
:1069C00008981946009429AA02F022FAB0F1FF3F74
:1069D000834600F0B282069B29933BE715460133BC
:1069E000169A3544072BCDE93135C8F80020C8F890
:1069F000046000F30D8108F10808FFF7B8BB2D22F1
:106A00008DF89720FEF7AEBF1D9B1C99F61A1A460B
:106A1000304600F0D3FC179A537813B11346013374
:106A200017934FF0000E76E60C99089830AA02F002
:106A3000FBF900287FF46EAA279A329D0DF1CC084D
:106A4000FFF77BBACDE910BB9DF897200E96CDF8E5
:106A50001CB0CDF824B0CDF84CB0CDF834B0FEF772
:106A600093BF129BABEB0A061C1BA642A8BF26468F
:106A7000FFF7B2BB0E9B0A9A1B681A80FFF79AB801
:106A800043F3C01211465BB2FFF72CB8A0AD00086B
:106A90000223099ECDE900362EAB049329AB039364
:106AA00027AB02930898DDE9222300F08DFE672FC3
:106AB000069000F0F581472F00F03782069B27F003
:106AC0002004462C03EB060505D11B78302B00F083
:106AD000F482279E35440022DDE922010023FAF7E3
:106AE00085FA002800F03B812B46069A9B1A1293E8
:106AF000279A472C109200F01F81462C00F0E98164
:106B0000531E612F279300F0FF82412F40F01D811B
:106B100050210120002BAEBF2B22C2F101032D22F8
:106B2000092B8DF8A8108DF8A92040F349820DF1AA
:106B3000BF063246AB4C19461046A4FB0352D2089E
:106B400002EB8205A3EB450303F1300563291346ED
:106B500000F8015C00F1FF32EDDC303302F8013C5B
:106B6000831EB34280F0DE820DF1A90213F8011BEF
:106B7000B34202F8011FF9D15CAB181AA0F1AD03C2
:106B80001B93129B1B9A012B03EB020B40F33982E0
:106B9000189B9B44119B2BEAEB7223F4806343F414
:106BA00080790023CDE91033139307921E9B002BAD
:106BB00040F0CE809DF897200993FEF7E5BE0C9C2F
:106BC0005846214630AA02F02FF9A38903F040036A
:106BD000FEF703BE06980E9600F0B0FC109B7327DC
:106BE0000993139311930D9320EAE07383469DF864
:106BF00097200793FEF7C8BE08980BF10101FEF736
:106C00001FFA0690002800F09881069B0D932DE650
:106C10000C99089830AA02F007F900287FF47AA9A5
:106C2000329D0DF1CC08FFF7A2BA0C99089830AA52
:106C300002F0FAF800287FF46DA9DDE93135279AD2
:106C40000DF1CC087AE606230993FFF7E9BB099A10
:106C50000223561C1EE70323099E1BE727AADDE932
:106C6000220100F099FC00224FF07F53F9F756FF04
:106C70000022002382468B46FAF7B8F9002840F03C
:106C8000B781594B0793099BCDE9127803F1FF397E
:106C90004C46069E05E000220023FAF7A7F9F0B95A
:106CA0003C460022514B504659461096F9F736FFA4
:106CB00089468046FAF7E2F90546F9F77BFB0B4671
:106CC000024649464046F9F727FA079B82465B5D34
:106CD0008B4606F8013B631C04F1FF37DBD1002231
:106CE000DDE9127850465946414BA146FAF7A6F91C
:106CF000002840F048815046594600223C4BFAF7A4
:106D000075F910B1EA0700F13E81B9F1000FC0F248
:106D10005581302209F10103334406F8012BB342B7
:106D2000FBD1069A27F020049B1A1293E0E6069AFC
:106D30002E9B9B1A279A1293D31C109202DB099B5D
:106D4000934218DA531E023F27930020F9B2E1E67E
:106D50002D2200238DF897200993FEF718BE2E9B55
:106D6000AB42BFF4C2AE30215A1C2E9219702E9B3A
:106D70009D42F9D8B9E612998A42C0F2C880119BA7
:106D8000D80740F17081189B02EB030B119B59054A
:106D900002D5002A00F33A8167272BEAEB73DDF86E
:106DA00058900793002313931193FFE658460C99CC
:106DB00030AA02F039F800287FF489AA9AF8000076
:106DC000329933AA054433E40C99089830AA02F0AA
:106DD0002BF800287FF49EA8329D0DF1CC08FFF718
:106DE000BFB900BFCDCCCCCC80AD00080000304096
:106DF0000000E03F78238DF8993030238DF89830EB
:106E000049F002031193099B632B00F3E7800023F1
:106E10000D9343AB069349F481731693159B002B96
:106E20001FDB00231E93DDE91434CDE92234612FEA
:106E30007FF406ABDDE9220127AA00F0ADFB0022BA
:106E40004FF07F53F9F76AFE0022002382468B46FB
:106E5000FAF7CCF8002840F0CB80AC4B079312E750
:106E60000D932D22DDE91434229304F100431E9288
:106E70002393DCE70C99089830AA01F0D5FF00288D
:106E80007FF448A8279C329D0DF1CC08FFF78DB9FF
:106E90009F491691FEF7B2BD00230993FEF7F5BB9B
:106EA000119BDB077FF543AF4724851913E60C9947
:106EB000089830AA01F0B8FF00287FF42BA8279C7F
:106EC000129B329D0DF1CC081C1BFFF785B958238E
:106ED00091E7119B1099099A03F00103002943EAF5
:106EE000020340F32581002B40F0B7806627DDF8D0
:106EF00040B0119B5A0500F18A802BEAEB73DDF854
:106F0000589007934EE7824A1692FFF7FAB8129B01
:106F1000189A03EB020B109B002B40F3A680672707
:106F2000E7E77C4A1692FEF7A1BF119BDD077FF5CC
:106F3000FEAE069B3C469D19CDE50C9A938943F025
:106F4000400393814FF0FF330A93FEF749BC714A27
:106F500016920133169A3544072BCDE93135C8F81E
:106F60000020C8F804607EF7FDAF0C99089830AA9D
:106F700001F05AFF00287EF4CDAFDDE931350DF187
:106F8000CC08FEF7F1BF109B2E93079B16F8012C3F
:106F9000D97B33468A4209D1302003F8010C2E9B5D
:106FA0005A1E2E9213F8012C9142F6D0392A0BBFAB
:106FB000079A0132927AD2B203F8012C3346B0E636
:106FC000002872D130228DF8AA200DF1AB023033A7
:106FD00002F8013B2AABD31A1B93D2E50898591C3F
:106FE000FEF72EF806900028A7D0069B0D9312E717
:106FF0000123464A2793484B612F18BF1A46079230
:1070000041E6119BDC077FF5C5ADC1E56727179900
:107010000B78FF2B00F0AE800024109A204603E08E
:1070200001300131FF2B08D0934206DAD21A4B7897
:10703000002BF5D10B780134F4E7179111901394DC
:107040001092119A139BDDF8589013441D9A02FB7D
:1070500003BB2BEAEB730793A8E5189BCF183A44C0
:107060009346662745E7934690E6C3F101039B44A8
:107070002BEAEB736727DDF85890079392E6159B90
:107080000021002BB8BF2D224FF0030BA8BF9DF8A5
:107090009720224C224BB8BF8DF8972029F0800909
:1070A0000D91CDF81CB0FEF767BC0DF1AA028EE77A
:1070B000079FDDF824B0FFF7CDBB0022DDE92201F8
:1070C0000023F9F793FF00287FF403ADC6F1010612
:1070D0002796FFE4099B73279B469DF897200E9601
:1070E0000793099013901190FEF74EBC094EFFF7DD
:1070F000D5BA0E996378144651F8042B42EAE2722D
:107100000E910992FEF7BFBA702102E56CAD00083E
:10711000B0AD0008A0AD000880AD000864AD000867
:1071200068AD000802231B932BE5144A169256E41F
:10713000DDF8589023B9012366279B46079331E673
:10714000189BDDF824B05F1CBB442BEAEB73662769
:10715000079327E6094B169318E40C9ADDF820B044
:10716000938943F040039381FFF7B1B80C23CBF828
:107170000030E7E600231393119362E7A0AD000807
:1071800070B500293FD005460C4610B1436B002B6B
:107190003CD0636EB4F90C20DE0732D4900538D5AC
:1071A0002146284600F04CF8E36A064633B12846EB
:1071B000E16998470028B8BF4FF0FF36A3891A0647
:1071C00039D4216B41B104F14003994202D02846E1
:1071D000FDF738FE00232363616C21B12846FDF7DB
:1071E00031FE00236364FDF73BFC0022636EA28145
:1071F000DB071CD5A06DFDF7B3FDFDF737FC30466E
:1072000070BD002ACCD10026304670BDFDF70AFCC7
:10721000BFE7A06DFDF7A6FDB4F90C30002BBFD180
:10722000636ED907EFD4A06DFDF79EFDEBE7A06D6F
:10723000FDF79AFDDEE728462169FDF703FEC0E76A
:10724000B1F90C20F8B5074610070C4646D449683A
:1072500042F400630029A3815CDDA56A002D3BD0C8
:10726000002112F480523E683960E1695ED1012349
:107270003846A847411C024667D0B4F90C30A56ACD
:10728000E1695B0705D56368D21A236B0BB1E36B29
:10729000D21A00233846A847451C49D139681D2910
:1072A0003CD8304AB4F90C300A4112F0010237D10F
:1072B00062602269226023F40062A281DA044DD464
:1072C000216B3E6041B104F14003994202D038463F
:1072D000FDF7B8FD002323630020F8BD0E69002EE2
:1072E000FAD00D680E60910714BF00236369AD1BCF
:1072F000A3600CE02B463246D4F824C03846E1693E
:10730000E047B0F1000CA5EB0C05664406DD002D4E
:10731000F0DCE1E7E16B00299FDCDDE7B4F90C303C
:1073200043F040034FF0FF30A381F8BD226DA8E782
:107330000022B4F90C3062602269226023F40062FA
:10734000DB04A281BCD52065BAE73B68002B94D052
:107350001D2B01D0162BE1D13E60BDE70029AFD136
:10736000F1E700BFFEFFBFDF38B505460C4608B1A8
:10737000436B03B3B4F90C0088B1636EDB0701D42F
:1073800081050FD528462146FFF75AFF636E054653
:10739000DA0702D4A3899B0508D5284638BD0546DF
:1073A000284638BDA06DFDF7DDFCEBE7A06DFDF7CD
:1073B000DBFC284638BDFDF735FBDBE740EA01037F
:1073C0009B0710B524D1032A22D98E468446DEF8C5
:1073D00000407146A4F1013323EA040313F0803F17
:1073E0000EF1040E15D1043A032A4CF8044BEED8E2
:1073F000714601F1FF3E52B163461EF8011F541E53
:1074000003F8011B41B122469C46002AF4D110BD6D
:10741000844601F1FF3EEEE79444002CF7D003F8D8
:10742000011B6345FBD110BD014B93F82801704748
:10743000580500200048704748060020002238B553
:10744000064D044608462A60FAF7DEF8431C00D0D1
:1074500038BD2B68002BFBD0236038BDF40B002017
:1074600038B5074D074C2C1BA41005D0013C55F82E
:10747000043D9847002CF9D1BDE8384003F03ABCF0
:1074800058B1000854B10008082802D14FF48050C8
:10749000704708B5FDF734FC162203464FF0FF3065
:1074A0001A6008BD5FFA81FC810744D00346511E73
:1074B00022B909E09A0709D0013905D318460278A4
:1074C00001336245F6D17047002070471846032902
:1074D0000CD80029F8D00346014401E08B42F3D0D8
:1074E000184613F8012B6245F8D1ECE710B50CEB08
:1074F0000C24024604EB044402E00439032918D9A1
:10750000104652F8043B6340A3F1013E2EEA030308
:1075100013F0803FF1D051B10346014401E08B42AA
:1075200005D0184613F8012B6245F8D110BD002094
:1075300010BD1046EFE71146C9E700BF20F0030178
:1075400010F00300C0F1000051F8043B00F1040CFE
:107550004FEACC0C6FF000021CBF22FA0CF213436E
:107560004FF0010C4CEA0C2C4CEA0C4CA3EB0C0237
:1075700022EA030212EACC1204BF51F8043B0430A1
:10758000F4D0C2F1000102EA0102B2FA82F2C2F1C1
:107590001F0200EBD2007047F8B50027DFF85CC08F
:1075A00021F00043634504460D46176023D8844606
:1075B00053EA0C0C1FD0DFF848C0164601EA0C0C49
:1075C0000A46BCF1000F09D100220E4BF9F7A6FACA
:1075D0006FF0350704460A4621F0004322F0FF42CF
:1075E0001B1522F4E002A3F2FE333B4442F07F5528
:1075F000336045F4001520462946F8BDFFFFEF7FB4
:107600000000F07F000050432DE9F8431B4D064673
:10761000286898460F469146FDF7A4FB184B1C6856
:107620001CB3286865681F2D22DC4EB96B1C02351F
:10763000636044F82570FDF797FB0020BDE8F883F0
:10764000012304EB8501C1F88890D4F88821AB4070
:107650001A43022EC4F88821C1F80881E6D1D4F873
:107660008C211A43C4F88C21E0E7064C1C60D8E753
:10767000FDF77AFB4FF0FF30E0E700BF400100204C
:10768000040C00203C0C00202DE9F04F03690C692C
:1076900085B0A342C0F291808146013C01F11405FE
:1076A00009F1140855F8243058F824C001339C45DA
:1076B000BCFBF3F64FEA840005EB840708EB840279
:1076C00043D34FF0000CAA46CDE90105C6466346F8
:1076D00065469346CDF80C805AF8040BDEF800207E
:1076E0001FFA80FC06FB0C554FEA10484FEA154C78
:1076F00006FB08CCADB290B2401B18441FFA8CF3C5
:10770000C3EB204303EB124380B240EA03405745EA
:107710004EF8040B4FEA1C454FEA2343DCD2DDE967
:107720000105DDF80C8058F8003073B9ABF10402A4
:10773000904504D307E0904504F1FF3403D252F89A
:107740000439002BF7D0C9F81040484601F0FEF983
:1077500000282EDB4146002255F8040BD1F800C06A
:107760001FFA80FE1FFA8CF3A3EB0E031344020CE6
:10777000C2EB234202EB1C429BB243EA0243AF42FC
:1077800041F8043B4FEA2242E6D258F8242008EBA5
:1077900084036AB9043B984504D307E0984504F193
:1077A000FF3403D253F80429002AF7D0C9F8104057
:1077B0000136304605B0BDE8F08F002005B0BDE8C9
:1077C000F08F00BF000000002DE9F04F16461F4665
:1077D000816B9FB0CDE904672B9D039049B10123D4
:1077E000C26B044693408B604A6000F053FF002355
:1077F000A363B7F10009B4BF012300232B60784BCA
:10780000BCBF29F00049CDF8149033EA090300F019
:10781000AB80DDE904341846214600220023CDE97F
:107820000801F9F7E3FB804668B101232A9A136047
:107830002C9B13B16B4B2C9A13606B4B0A930A98D9
:107840001FB0BDE8F08F1CAB01931DAB00930398F4
:10785000DDE9082301F04AFA5FEA1955824640F053
:107860009980DDE91C85454405F23243202B40F325
:107870008683C3F1400309FA03F905F2124326FA9D
:1078800003F349EA0300F8F785FD0123013D119355
:10789000A1F1F8710022554BF8F73EFC4AA3D3E959
:1078A0000023F9F73BF94AA3D3E90023F8F736FCA4
:1078B000064628460F46F8F77DFD47A3D3E9002387
:1078C000F9F72CF902460B4630463946F8F726FC04
:1078D00006460F46F9F7D2FB0022834600233046C6
:1078E0003946F9F78DFB002840F01D83A8EB050809
:1078F000BBF1160F08F1FF3400F29081DDE90801B9
:107900003B4D05EBCB05D5E90023F9F779FB0028C2
:1079100074D00023002C0BF1FF3B1093C0F2838145
:1079200000230B93BBF1000F6EDA0B9BCDF838B040
:10793000A3EB0B030B93CBF100030F93289B4FF0AA
:10794000000B092B68D8052B40F31E830025043B50
:107950002893289B023B032B00F22986DFE813F0D3
:107960006304600457043B0442F20F732A9AC9F37C
:10797000130959EA060913601CD12C9B002B00F057
:1079800031861C4B0A9308332C9A0A9813601FB057
:10799000BDE8F08FDDE90812C2F31303084643F097
:1079A0007F51CDF84480A5F2FF35DDF8708041F4B9
:1079B00040116FE72C9B002B40F0EA830E4B0A939B
:1079C0003DE700BFAFF3008061436F63A787D23FFD
:1079D000B3C8608B288AC63FFB799F501344D33FBE
:1079E0000000F07F9DAD00089CAD00080000F83F4E
:1079F00018AF000808AE000814AE0008B8F1000F78
:107A000040F3608410900B9000230F93289B5C44FC
:107A1000092BCDF838B096D9002328934FF0FF33C7
:107A20000125069300230C9529930021069B1893AA
:107A3000039BD963039800F007FE0A90002800F02A
:107A4000BF85039B0A9A9A63069B0E2B00F2158151
:107A5000002D00F012810E9A002A40F33A84B24DB4
:107A600002F00F0305EBC303D0054FEA2215D3E95B
:107A7000008940F1F983DDE90801AC4B0327D3E924
:107A80000823F9F775F9CDE9120105F00F057DB16D
:107A9000A64EE90708D5D6E9002340464946F9F73E
:107AA0003DF88046894601376D1006F10806F0D191
:107AB000DDE9120142464B46F9F75AF980468946FC
:107AC000109B43B1002240464946994BF9F798FA7A
:107AD000002840F0F3843846F8F76CFC42464B46E9
:107AE000F9F71CF8934B0022F8F718FB069B0646A3
:107AF000A1F15077002B00F0A9800E9B1993069BF3
:107B000012930A9B49464046CDE914675E1CF9F77B
:107B1000B5FA854D1299074605EBC10353E90212E8
:107B2000CDE91612F8F746FC02460B464046494698
:107B3000F8F7F2FADDE9162389460C9930378046CA
:107B4000FFB2002900F0548400207B49F9F710F9B6
:107B5000DDE91423F8F7E0FA02460B460A9DCDE969
:107B600014232F7042464B46F9F768FA002840F07C
:107B70009984CDE91AB4CDF858A00027DDE914ABFB
:107B8000129D2AE00137AF4280F2E0845046594608
:107B900000226A4BF8F7C2FF0022684B82468B46F0
:107BA00040464946F8F7BAFF89468046F9F766FA33
:107BB0000446F8F7FFFB02460B4640464946F8F7F5
:107BC000ABFA303452465B4606F8014B8046894694
:107BD000F9F716FA002840F0B68442464B460020DA
:107BE0005349F8F799FA52465B46F9F709FA002823
:107BF000C8D0199B3746DDF858A00A9A03F101084E
:107C000002E0974200F07E843E4617F8013D392B92
:107C1000F7D00133DBB245463B7073E10123002C02
:107C20001093BFF67DAEC8F1010300240B9379E6F3
:107C30003846F8F7BFFB42464B46F8F76FFF002285
:107C40003C4BF8F76BFA0646A1F15077404649469F
:107C500000223B4BF8F760FA32463B4680468946A5
:107C6000F9F7ECF9002840F05C844046494632467A
:107C700007F10043F9F7C4F928BB1D9B002BC0F2A4
:107C800091800E9A0E2A00F38D80274D0E9B05EBF6
:107C9000C305D5E90034CDE90434299B002B19DA5A
:107CA000069B002B16DC0ED1DDE904010022244BDB
:107CB000F8F734FF02460B46DDE90801F9F7AAF9A7
:107CC000002800F02E844FF000094F460A9E299BA1
:107CD000DD4324E2DDE90445DDE9088922462B463F
:107CE00040464946F9F744F8F9F7C8F90646F8F767
:107CF00061FB22462B46F8F711FF0A9F0B4602460E
:107D000049464046F8F708FA06F1300307F8013B08
:107D1000069B012B00F011830125CDF818A0994690
:107D2000DDE904ABA8462BE018AF0008F0AE000870
:107D30000000F03F00001C400000E03F0000244035
:107D40000000144052465B4620462946F9F710F8D9
:107D5000F9F794F90646F8F72DFB52465B46F8F71B
:107D6000DDFE08F101080B46024629462046F8F7D9
:107D7000D3F906F13003C84507F8013B00F0DB8278
:107D80000022B94BF8F7CAFE0022002304460D4634
:107D9000F9F72CF90028D5D00E9D3E46DDF818A045
:107DA0000135AFE00C9A002A40F0D18000231F4635
:107DB0000F9E0B9D0C9355B1002C08DDA5422B4660
:107DC000A8BF23460B9AED1AD21A0B92E41A0F9B06
:107DD00053B10C9B13B1002E40F0E88251460F9A2C
:107DE000039800F0E3FD82460121039800F0FEFCB9
:107DF0008146BBF1000F40F0B681289B012B40F378
:107E0000CC810120204410F01F0000F09980C0F1C7
:107E10002003042B40F3DA810B9BC0F11C000344C8
:107E20000B93054404440B9B002B05DD51461A4679
:107E3000039800F015FE8246002C05DD49462246D7
:107E4000039800F00DFE8146109B002B40F07081DE
:107E5000069B002B40F348810C9B002B40F0A38035
:107E60000E9D01350126DDF82880069CDDF80CB05A
:107E700007E0514600230A22584600F015FC8246CE
:107E8000013649465046FFF7FFFBA64200F130039A
:107E900008F8013BEDDB069A0024002ACCBF164609
:107EA00001260A9A02EB060B51460122039804931D
:107EB00000F0D6FD4946824600F048FE002840F317
:107EC000E4810A9A02E05A4500F0EA811BF8013C7D
:107ED0005E46392B0BF1FF3BF5D001338BF80030B8
:107EE000DDF80C804946404600F0D4FB57B12CB178
:107EF000BC4203D02146404600F0CCFB39460398F3
:107F000000F0C8FB5146039800F0C4FB0023337017
:107F10002A9B1D602C9B002B3FF491AC0A981E609D
:107F20001FB0BDE8F08F5846F8F744FA32463B469A
:107F3000F9F75CF800287FF4D9AC0BF1FF3BD5E4EE
:107F40001C230B9A1D441A440B921C446BE7289A7D
:107F5000012A40F3AA81069A0F9B561EB342C0F233
:107F60006C81002AA3EB060680F2E1820B9B069A45
:107F70009D1A0121039800F039FC07461BE7C3F165
:107F8000200306FA03F07EE40125E2E439460023EB
:107F90000A22039800F088FB189B0746002B40F349
:107FA000F3820E960693002D00F34081BBF1000F83
:107FB00040F0E081B8460A9B069C1E46013B1C44EB
:107FC000049B03F00103CDE90B43039C4946504653
:107FD000FFF75AFB39468346504600F0B7FD42464C
:107FE00049460546204600F0D1FDC26801460BF126
:107FF0003003002A3AD106905046089300F0A6FDBF
:10800000024606992046069200F044FB069A089B19
:10801000002A59D1289A1AB90C9A002A00F09C8299
:10802000002D44DBB3460B9A0BF8013BB24200F043
:10803000B881514600230A22204600F035FB47450F
:10804000824639464FF000034FF00A02204635D0F1
:1080500000F02AFB4146074600230A22204600F092
:1080600023FB5E468046B1E7000024400398069358
:1080700000F010FB002D069B06DB049A289902F005
:1080800001020D432A432AD1514601220398049349
:1080900000F0E6FC4946824600F058FD0028049BAB
:1080A00040F3E880392B00F032820BF131030E9D52
:1080B0003C460135474606F8013B11E700F0F4FA6B
:1080C0005E460746804681E7002DC0F280822899EF
:1080D0000D430C990D4300F07A82002AA2DD392B62
:1080E00000F015820133E2E7289B022B7FF7B4AE44
:1080F000069B002B40F01D8149460522039800F0A5
:10810000D3FA81465046494600F020FD002840F34E
:10811000108131230E9D0A9E013506F8013B494628
:108120000398013500F0B6FA002F7FF4E7AEE9E6D8
:108130004946504600F00AFD0028BFF689AE514678
:1081400000230A22039800F0AFFA0E9B82465E1EBF
:108150000C9B002B7FF41AAF189B002B40F302827C
:108160000E9D06937EE601465A46039800F01EFCDB
:10817000289B8146012B6CDD4FF0000BD9F81030A5
:1081800009EB8303186900F0E1FAC0F1200039E639
:10819000934B0A930333FFF7F7BB049B002B7FF449
:1081A00030AEDDE90412C2F31303002B7FF429AED5
:1081B0008C4B134023B10B9B013401330B930123F0
:1081C000BBF1000F40F0B1819B461AE63FF42BAEA5
:1081D000C0F13C03B5E601230C93299B0E9A13448E
:1081E00018930133012B1E46B8BF01260693172EA4
:1081F00040F3D881012204235B0003F11400B04254
:10820000114602F10102F7D9039BD96312E401235D
:108210000C93299B002B33DD1E4618930693E6E74B
:1082200000230C93D9E700230C93F2E739462A4642
:10823000039800F015FC0746B8E60F9B069AF31A60
:108240009B440B9B0F961D461344002614440B932E
:108250008FE6049B002B8FD1DDE90401C1F31303EA
:108260000A46002B88D1A3E7DDE908230227CDE9E0
:1082700012230CE47FF41BAFDC077FF518AF11E786
:10828000012329930693FFF7D0BB03D1049BD807A2
:108290003FF517AE5E461BF8013D302BFAD01FE6C6
:1082A00031230A9A013513701AE6119A002A00F058
:1082B000FC8003F233430B9A0F9E15461A441C446C
:1082C0000B9256E6C8F1010304460B931090FFF79A
:1082D0009BBB00F0EE80DDE908010E9B424D5E4243
:1082E00006F00F0305EBC303D3E90023F8F716FCF0
:1082F0003511CDE9120100F050810023022780469C
:1083000089463A4EEA0709D5D6E900234046494650
:10831000F8F704FC01238046894601376D1006F109
:108320000806EFD1002B7FF4CBABDDE91289FFF714
:10833000C7BB0A9ECBE4DDF818A002460B46F7F750
:10834000EDFE02460B460E9DCDE90623DDE9042332
:108350000135A846F8F772FE40B9DDE90423DDE9EE
:108360000601F8F743FE18B1F60701D50A9A4BE467
:108370003E46C7E50398796800F066F9054600288F
:1083800000F029813B6907F10C0102339A000C309F
:10839000F8F74EFB29460122039800F061FB804666
:1083A00009E60E9D3C46013547467DE5DDF80C901B
:1083B00039463246484600F0F9FA074652463946F1
:1083C000484600F041FA80465146484600F062F9BE
:1083D0000F9BC2469B1B0F933FF406ADFEE400BF0C
:1083E00014AE00080000F07F18AF0008F0AE0008DF
:1083F000DDE91401F8F792FB0A9BCDE90C011F702F
:10840000129B012B00F0C780129F0A9BCDF844B04D
:108410001F4400227B4B40464946F8F77FFB8946C4
:108420008046F8F72BFE8346F7F7C4FF02460B465B
:1084300040464946F7F770FE0BF1300B06F801BBDA
:10844000B74280468946E4D1DDF844B00022DDE938
:108450000C016D4BF7F762FE02460B46404649465B
:10846000F8F7ECFD002868D1DDE90C23002066490F
:10847000F7F752FE02460B4640464946F8F7C0FD64
:1084800048B91D9B002BFFF691AC0E9B0E2B3FF7BE
:108490008DACFFF7FBBB17F8013C3E46302B07F1D4
:1084A000FF37F8D0199D01352CE51C9BC3F136032D
:1084B00001E70227DDE90889FFF702BB069B002BD5
:1084C0003FF4B6AB189B002B7FF7D7AB12930E9BF4
:1084D0000022013B4046494619934A4BF8F71EFBE0
:1084E00080468946781CF7F765FF42464B46F8F709
:1084F00015FB0022454BF7F711FE0646A1F1507718
:10850000FFF7FFBA312308F10108FFF784BBB34638
:1085100039230E9D3C460A9A474601350BF8013B2C
:10852000D4E44FF000094F46F3E59B4626E60B9B4B
:1085300014441D4613440B931BE5199B0A9A03F13F
:108540000108FFF761BBDDF858A0ABE7DDF858A0E4
:10855000DDE91AB4FFF791BB392BD8D0002D3FF7D6
:10856000A4ADA4E5289B022B0ADC189B4946069380
:108570000E9DFFF789F80A9A00F1300313708AE420
:10858000189B0E960693B3E5289B022BF8DC189BEC
:108590000E96069307E5374658E70227DDE912896C
:1085A000FFF78EBA0021039BD963FFF743BA00257A
:1085B000039B29461846DD6300F046F80A90A8B9E7
:1085C000002240F2AF11124B124800F033FD002A96
:1085D0007FF76DAD58E5024640F2EF210C4B0D4898
:1085E00000F028FD0C4B0A93FFF729B9039B0A9A68
:1085F00029959A634FF0FF33012218930C9206934A
:10860000FFF73BBB000024400000E03F00001C409F
:1086100018AE00082CAE000808AE000882B049B1C0
:108620005AB16BB113780B601278101E18BF01207D
:1086300002B0704701A9002AF3D1104602B070477A
:108640006FF00100F4E700BF38B5436C05460C46F7
:108650004BB153F8240080B1026843F82420002372
:10866000C360036138BD2122042100F003FD0346ED
:1086700068640028EDD1002038BD0121284601FAA8
:1086800004F56A1D920000F0F5FC0028F3D0C0E963
:108690000145E4E731B1436C4A6853F822000860B1
:1086A00043F82210704700BF2DE9F0414FF0000E53
:1086B0000E461C460D69074601F1140001680EF1D3
:1086C000010E8BB202FB0343090C4FEA134C02FB71
:1086D00001CC9BB203EB0C43754540F8043B4FEAD9
:1086E0001C44EBDC3CB1B368AB4207DD06EB850311
:1086F00001355C6135613046BDE8F081716838460E
:108700000131FFF7A1FF8046A8B1326906F10C01E3
:10871000023292000C30F8F78BF97B6C726853F8D8
:108720002210316043F82260464606EB850301358E
:108730005C613561DFE70246BA21024B024800F076
:1087400079FC00BF18AE000888AE0008B0F5803F85
:1087500003463ABF102083400020B3F1807F3CBF26
:108760001B020830B3F1805F3CBF1B010430B3F142
:10877000804F03D3002B06DB013070479B0003D4EE
:108780005B0003D4202070470230704703307047ED
:108790000368014613F0070209D0DA0721D49807CD
:1087A0004BBF5B089B08012002200B60704798B20A
:1087B000A0B11046DAB20AB908301B0A1A0704BF82
:1087C0001B0904309A0704BF9B080230DA0703D460
:1087D0005B0800F1010006D00B6070471020C34019
:1087E000E8E7002070472020704700BF38B5436C91
:1087F00004460D464BB15868B0B102685A60002279
:1088000001234561C260036138BD2122042100F0CB
:1088100031FC034660640028EDD1002240F245118E
:10882000074B084800F006FC1C220121204600F0FE
:1088300021FC0028F1D00122022342608360DEE7A0
:1088400018AE000888AE00082DE9F04FD1F810806E
:1088500015690E46A845924685B005DB2A46534663
:1088600045468A4690461E46DAF80830DAF8041083
:1088700005EB0804A342B8BF0131FFF7E5FE00286D
:1088800000F0898000F1140707EB840E774505D2CC
:108890003B46002243F8042B9E45FBD8143606EBDA
:1088A00088080AF11409464509EB850566D2A5EB4F
:1088B0000A03153B23F003030AF1150A0433554557
:1088C0002CBF9B464FF0040BCDF808E08246AE4625
:1088D000039405E0090C2AD1B04507F104074AD9F1
:1088E00056F8041B8DB2002DF4D0CC463C46002334
:1088F00001965CF8040B216886B28AB205FB062259
:10890000000C090C05FB00111A4401EB124192B254
:1089100042EA0142E64544F8042B4FEA1143E8D805
:10892000019E47F80B3056F8041C090CD4D00022E5
:108930003B6848461D463C46944602889BB201FB74
:1089400002C202EB154243EA024344F8043B50F8EA
:10895000043B25684FEA134CABB201FB0C33864550
:1089600003EB12434FEA134CE7D8B04547F80B30FE
:1089700007F10407B4D8DDE902E45046002C02DC1C
:1089800005E0013C03D05EF8043D002BF9D0046102
:1089900005B0BDE8F08F02464FF4B171014B0248BB
:1089A00000F048FB18AE000888AE000812F0030380
:1089B0002DE9F041144607462CD10E46A4101CD0D8
:1089C0003D6C85B3E3074FF0000806D4641014D063
:1089D0002868A8B10546E307F8D52A463146384647
:1089E000FFF732FF36B17B6C716853F8212032609B
:1089F00043F8216064100646EAD13046BDE8F081B4
:108A00002A4629463846FFF71FFF28600546C0F86A
:108A10000080E0E70F4A013B52F823200023FFF7D4
:108A200043FE0646CAE701213846FFF70DFE05461C
:108A300040B140F271230122C0E9042300233864CD
:108A40000360BFE7024640F24511034B034800F0C4
:108A5000F1FA00BFE4AE000818AE000888AE0008C6
:108A60002DE9F0470C462769A36807EB62177D1CC8
:108A70009D429046064649684FEA621904DD5B0054
:108A80009D4201F10101FADC3046FFF7DDFD0028CF
:108A900051D0B9F1000F00F114010FDD0B464FF07A
:108AA000000C09F105024FEA820E00EB820243F846
:108AB00004CB9342FBD1AEF114031944226904F1B3
:108AC000140318F01F0803EB820C2CD08E464FF0D5
:108AD000000AC8F120091A6802FA08F242EA0A02FA
:108AE0004EF8042B53F8042B9C4522FA09FAF2D8CD
:108AF000ACEB0403153B23F00303043304F115022C
:108B0000944538BF042341F803A0BAF1000F00D107
:108B10003D46736C6268056153F82210216043F88A
:108B20002240BDE8F087043953F8042B9C4541F8F6
:108B3000042FF9D8ECE702464FF4EF71014B0248DD
:108B400000F078FA18AE000888AE000884460B6979
:108B50000069C01A15D10CF1140C14310CEB83020E
:108B600010B401EB830301E0944508D252F8044DA0
:108B700053F8041D8C42F7D004D24FF0FF3010BCE4
:108B800070477047012010BC704700BF2DE9F04FBF
:108B900013690D690C46ED1A002D904683B015D16E
:108BA00001F11407143202EB830207EB830301E0A7
:108BB0009F4276D253F8046D52F8041D8E42F7D0CE
:108BC00006D2234601254446984601E0F9DB0025FC
:108BD0006168FFF739FD002875D000F114094F4690
:108BE0004FF0000C2669D8F8103004F1140B08F18E
:108BF000140EC56004F110010EEB830A0BEB860224
:108C0000CDF804B05EF8044B51F8045F1FFA84FB02
:108C1000ABB2A3EB0B03240C6344C4EB154404EB8D
:108C200023449BB243EA0443F24547F8043B4FEA2E
:108C3000244CE7D8AAEB0805153DAD08691C08F1DE
:108C400015088900C24538BF0421DDF804B00BEBDC
:108C50000104A24249442FD90F462546E04655F863
:108C6000043B1FFA83FCC4444FEA134E43440EEB0B
:108C70002C4E9BB243EA0E43AA424FEA2E4C47F8D1
:108C8000043BEBD8013A121B22F00302114423B932
:108C900051F8043D013E002BFAD0066103B0BDE857
:108CA000F08F0021FFF7D0FCA0B101220023C0E922
:108CB000042303B0BDE8F08FAD00C24538BF0025E6
:108CC00009EB0501E3E7024640F24521054B064862
:108CD00000F0B0F9024640F23721024B024800F0A2
:108CE000A9F900BF18AE000888AE0008F0B5012150
:108CF00083B016461F46FFF7A7FC0546002847D05D
:108D0000C7F30A54C7F313030CB143F48013002EC6
:108D1000019314D101A8FFF73BFD0122019B2030F4
:108D20006B612A6114B3089BA4F2334404441C60B1
:108D3000099BC0F135001860284603B0F0BD6846B5
:108D40000096FFF725FD019B00B30099C0F12002BA
:108D500003FA02F2C34001930A43002B6A610CBF7D
:108D600001220222AB612A61002CDCD105EB8201D9
:108D7000A0F23243086908990B60FFF7E7FC099BF2
:108D8000C0EB42101860284603B0F0BD009AE4E73B
:108D9000024640F20F31024B024800F04BF900BF8F
:108DA00018AE000888AE0008034649B1FF2A02D871
:108DB00001200A7070478A224FF0FF301A60704716
:108DC0000846704770B5054684B05BB11C460F4B32
:108DD000D3F8E060234669B12846B047431C0FD062
:108DE00004B070BD094B00F58274D3F8E0602346EF
:108DF0000029F1D10A46284601A9B047431CEFD10A
:108E000000228A2322602B6004B070BD5805002028
:108E100010B51C4682B0049B009401934FF0FF33C1
:108E200000F07AFB02B010BD2DE9F04F936883B0DB
:108E3000924617680190002B76D04FF0000B0C463D
:108E40005D468B680A6848E0B4F90CC01CF4906F6A
:108E50002FD0D4E90403A2EB000803EB430202EB9A
:108E6000D27208F1010152102944914292BF9146F9
:108E700089460A461CF4806F39D011460198FCF7E8
:108E8000DFF8064600283DD042462169F7F7D0FDBD
:108E9000A28922F4906242F08002A28106EB0800CF
:108EA000A9EB08022661A8462E46A2602060C4F8FD
:108EB00014903246594600F03FF8DAF80810A368DB
:108EC0002268A3EB08033244491BA3602260CAF85E
:108ED000081049B3D7E900B5083798461046002D69
:108EE000F8D09D421E46AFD2A8462E46E1E7014685
:108EF000019800F0F5F806460028CFD101982169C5
:108F0000FBF7A0FF0C21A389019D43F040032960DA
:108F10000022A3814FF0FF300023CAF80820CAF8CE
:108F2000043003B0BDE8F08F00200023CAF80430FD
:108F300003B0BDE8F08F00BF88420ED98B18834282
:108F40000BD900EB020C002A6DD0624613F801CD5C
:108F5000994202F801CDF9D170470F2A0FD8034684
:108F600002F1FF3C002A5ED00CF1010C013B8C4465
:108F700011F8012B614503F8012FF9D1704740EA40
:108F800001039B0750D1A2F1100370B501F1200C31
:108F900023F00F0501F1100E00F11004AC441B0981
:108FA0005EF8105C0EF1100E44F8105C5EF81C5C6C
:108FB000103444F81C5C5EF8185C44F8185C5EF8E9
:108FC000145CE64544F8145CEAD1013312F00C0F4E
:108FD00001EB031102F00F0400EB031328D08E46BF
:108FE000043C24F003064FEA940C1E441C1F5EF858
:108FF000045B44F8045FB442F9D10CF1010402F0BF
:10900000030203EB840301EB840102F1FF3C4AB14C
:109010000CF1010C013B8C4411F8012B614503F864
:10902000012FF9D170BD7047034602F1FF3C9BE769
:109030002246EAE7144600B51A460A4B0D461B685D
:1090400085B0DE6803464CB10749019130460749B7
:109050000294009500F072FA01F012FD04490C46EA
:10906000F3E700BF18000020E4B00008F4B00008E7
:1090700018AD000838B5A1FB021454BBFBF7E0FFA4
:10908000054650B350F8042C22F00302043A242A77
:1090900010D8132A13D91B2A0460446016D9242A35
:1090A0008460C46011BF00F1100200F11802046175
:1090B000446105E02146FBF77FFD284638BD0246A6
:1090C0000023284613605360936038BD00F1080206
:1090D000F6E7FBF715FE0C2303600025284638BD94
:1090E0002DE9F84F1646002900F096800C46804680
:1090F00006F10B05FCF75CFA54F8041C162DA4F1DC
:10910000080921F0030758D81025AE4258D8AF42BD
:1091100060DABF4B09EB070C9A68DCF80400624583
:1091200000F0908020F0010363445B68DA0768D4A4
:1091300020F003003B189D4247DDCB0712D454F8C2
:10914000083CA9EB030BDBF8043023F003021044C6
:1091500000EB070A554540F3F68007EB020A554538
:1091600040F3CC8031464046FBF76AFF06460028B4
:1091700000F0218154F8043CA0F1080223F001031F
:109180004B44934200F0B4803A1F242A00F2D78067
:10919000132A00F2A2800346224611681960516822
:1091A000596092689A6021464046FBF74BFE404664
:1091B000FCF704FA3046BDE8F88F35F00705A4D572
:1091C0000C23C8F80030002618E01F46DCE9022313
:1091D000D3609A60D9F804307A1B0F2A03F0010398
:1091E00009EB07001DD83B43C9F80430436843F03E
:1091F000010343604046FCF7E1F926463046BDE8EE
:10920000F88FC907AED454F8083CA9EB030BDBF880
:10921000043023F00302A0E71146BDE8F84FFBF746
:109220000FBF2B4309EB050142F00102C9F80430DE
:109230004A604368083143F0010343604046FBF74E
:1092400001FED7E720F00300C21905F1100C6245BA
:1092500080F29280CA0785D454F8082CA9EB020B3F
:10926000DBF8042022F00302104400EB070AD44587
:109270003FF773AF5E46DBF80C1056F8080F3A1F45
:10928000242AC160886000F2B080132A40F2AB80CB
:1092900021681B2ACBF808106168CBF80C1000F28B
:1092A000AA8008340BF110022168116061685160D6
:1092B000A1689160AAEB05020BEB050142F00102E7
:1092C00099604A60DBF80430404603F001032B4309
:1092D000CBF80430FCF772F990E723681B2A03608F
:1092E000636843603DD804F1080200F1080354E7C5
:1092F00050F8043C23F003031F446BE75E463A1F1B
:10930000DBF80C3056F8081F242ACB60996023D86C
:10931000132A1FD923681B2ACBF808306368CBF8BF
:109320000C303CD808340BF1100322681A606268D4
:109330005A60A2689A6034465746D9464AE72146A1
:10934000FFF7FAFD2FE7DCE902135E46CB603A1F18
:109350009960D5E73346E8E721463046FFF7ECFD54
:10936000E9E7A368242A8360E368C36027D004F197
:10937000100200F1100310E7521B09EB050142F047
:10938000010299604A6054F8043C404603F001032E
:109390002B4344F8043CFCF711F926462EE7A3685A
:1093A000242ACBF81030E368CBF8143010D01034F6
:1093B0000BF11803B9E74046FCF700F903E723690E
:1093C00004F1180203616369436100F11803E4E6E4
:1093D00023691834CBF8183054F8043CCBF81C300F
:1093E0000BF12003A1E732465EE721463046FFF746
:1093F000A3FD074B5EE7A168242ACBF81010E168B3
:10940000CBF8141006D010340BF118024CE700BF53
:109410005001002022691834CBF8182054F8042C8D
:10942000CBF81C200BF120023EE700BF2DE9F04FE6
:1094300089B08646DDE9137A1E46002F53D01568A1
:10944000002955D0129B002B62D0741E2EB300262B
:10945000CDE900E1DDF848B0043D029103920AE055
:10946000019BF3B92868002831D0DC4552D2013C79
:10947000631C664611D0D7E9009855F8042F3B4687
:109480000098DAF8E0C005A9E047421C34D000EBB0
:10949000060CDC45E4D9C7E90098304609B0BDE8C0
:1094A000F08F00280CDD029B05A918445A1E00F11C
:1094B000FF3E11F8013B02F8013F9645F9D10290B9
:1094C000039B28681A6804321A600028CDD10199DC
:1094D000039A01B110600CF1FF36002230463A6069
:1094E00009B0BDE8F08F156800F586770029A9D18D
:1094F0004FF0FF331293A8E706468A210022304638
:10950000DDF800E0CEF800103A6009B0BDE8F08F59
:10951000129EC2E76646C0E710B584B00698054CB7
:10952000009007980190044800680294FFF77EFFBE
:1095300004B010BD58050020180000200EB400B57E
:10954000074A82B003AB0146106853F8042B01931D
:1095500000F044F802B05DF804EB03B0704700BFC0
:10956000180000202DE9F84F4B6E90469C042ED534
:10957000936812684BB30D46064602F1080959E993
:10958000022A5FEA9A0716D00024A2F1040B01E038
:10959000A7420ED02A4630465BF8041F01F040FA7D
:1095A000431C04F10104F3D10023C8E90133BDE8F1
:1095B000F88FD8F808302AF0030AA3EB0A03C8F89A
:1095C000083009F10809002BD9D10020ECE701F09F
:1095D00013F80023C8E90133BDE8F88F2DE9F04FF7
:1095E00081460E461546C7B016AF08220021384600
:1095F0001C46049606950A93FBF7DEFAB9F1000FB4
:1096000004D0D9F83430002B00F0AC86049A536EA5
:10961000B2F90C20DB0702D4960540F19E85950433
:1096200007D4049942F400524B6E8A8123F400530C
:109630004B66100740F1BE80049B1B69002B00F0B5
:10964000B98002F01A030A2B00F0C38000231DAA80
:109650009246CDE91B33CDE90F33DFF848B21A92B9
:109660000D9307930E93069DDBF8E440FDF7DCFEB7
:109670002A46034614A948460097A047002800F050
:10968000C780C0F2BD80149B252B01D00544EBE7B9
:10969000069B0446EE1A40F0BF804FF0FF320023D5
:1096A00005926A786C1C8DF84B3008930293013454
:1096B000A2F120035A2B00F2F780DFE813F00D032C
:1096C000F500F5000703F500F500F500E602F500EA
:1096D000F5006B003703F5000C021D03F5001703BE
:1096E0005B005B005B005B005B005B005B005B00A2
:1096F0005B00F500F500F500F500F500F500F5005C
:10970000F500F500BF014602F500F500F500F50093
:10971000F500F500F500F500F500F5001202F50082
:10972000F500F5009701F5005F02F500F5008005F2
:10973000F500F500F500F500F500F500F500F50081
:10974000F500F500BF01E401F500F500F500AD02FC
:10975000E4017500F5003C03F500D7027D05B60273
:109760007500F500970173007A05F500F500A30573
:10977000F5007300A2F130030022114614F8012B0A
:1097800001EB810103EB4101A2F13003092BF5D973
:1097900008918DE70A9B53F8042B002A08920A933C
:1097A000C0F29681227882E7029B227843F0200360
:1097B00002937CE7049D4846294601F093F800286F
:1097C00040F0A786B5F90C2002F01A030A2B7FF4AB
:1097D0003DAF0499B1F90E30002BFFF637AF4B6E59
:1097E000DB0702D4970540F15E8623464846069A79
:1097F000049900F0C1FE0790079847B0BDE8F08FCC
:10980000082200213846FBF7D7F9012005442BE751
:10981000069B0446EE1A12D0069B1C9ACAE9003633
:109820001B9B32440133072B1C921B9311DC0AF162
:10983000080A079B33440793002C7FF42EAF1C9B30
:10984000002B40F050860022049B1B92B3F90C3091
:109850001CE0002A00F03F84484604991AAAFFF74A
:1098600081FE80B90DF1740AE3E7484604991AAA0B
:10987000FFF778FE002800F0A4800B9B1BB1484640
:109880000B99FBF7DFFA049BB3F90C30049A526E84
:10989000D10740F1A1805B0600F14786079847B0E9
:1098A000BDE8F08F580500200694002AC7D0002399
:1098B0008DF84B3001238DF8B42003932DAC099320
:1098C00000230B930593029B13F0020302D0039A2B
:1098D00002320392029DDDE91B1215F0840501F1AD
:1098E000010C60460C9505D1089D039EAD1B002D13
:1098F00000F340839DF84B5085B101210132CAF835
:10990000041007280DF14B01CDE91B02CAF8001025
:1099100000F3F48201460AF1080A0130D3B10223B0
:109920000232CAF80430072813ABCDE91B02CAF88B
:10993000003040F30383002A00F0EE834846049988
:109940001AAAFFF70FFE002897D1DDE91B120DF1CF
:10995000740A481C0C9B802B00F02B82059B099DF0
:109960005D1B002D00F37F82099B07281A44CDE977
:109970001B02CAF80040CAF8043040F31782002ADC
:1099800000F03F83484604991AAAFFF7EBFD002830
:109990007FF473AF1C9A0DF1740A029B580705D52A
:1099A000089B03995C1A002C00F33683DDE907312C
:1099B00003988142ACBF5B181B180793002A7FF401
:1099C00054AF00231B930B9B1BB119464846FBF772
:1099D00039FA0DF1740A46E69A053FF55CAF049C2E
:1099E000A06DFBF7C1F9B4F90C3054E700230A9ECF
:1099F000069456F8044B8DF84B30002C00F0CA84C6
:109A0000532A00F02184029B13F0100540F01C84BF
:109A1000059B5A1C00F053851A4629462046FDF73F
:109A200041FD0B90002800F04385031BCDE909366A
:109A300023EAE373059503930B95A6E10A9B432A5A
:109A4000069403F1040503D0029BDE0640F1DE8399
:109A50000822002118A8FBF7AFF80A9A2DAC18AB22
:109A6000214648461268FFF7ADF9034601330990D5
:109A700000F04785099B23EAE373039300230A95CB
:109A80008DF84B301CE7029B06949C0665D50A9B1B
:109A9000073323F0070318465A6850F8083B11466D
:109AA0000A90002AC0F25081059A013200F05981D3
:109AB000029A22F08002029253EA010240F05181A0
:109AC000059B002B40F00D850393099346AC5AE1AA
:109AD000089B5B420893029B227843F004030293A5
:109AE000E5E5029B069443F0100212F0200100F01D
:109AF00004830A9B073323F007031846596850F87C
:109B0000083B0A90002022F480640294059C8DF8A2
:109B10004B0001345DD053EA010422F4906240F01E
:109B20001D84029C0292059B002B4AD1002840F024
:109B30000B8314F00102099200F00B83302303928F
:109B40008DF817310DF217141DE1029B069443F0B6
:109B500010030293029B9C0699D40A9A52F8043B84
:109B60000A92029AD00600F10A83029A510640F145
:109B7000028343F3C0310A461BB292E7029B06946C
:109B800043F0100414F0200100F0A8820A9B073370
:109B900023F007031A46596852F8083B0A9200223C
:109BA0008DF84B20059A013200F0DA8324F0800210
:109BB000029253EA010240F0D480059B0120002B61
:109BC000B4D0012800F08D8400230228194600F04B
:109BD000BA8146AC03F00702DB0843EA4173C908C7
:109BE000303253EA0105204604F8012DF2D1029BE0
:109BF000DD0740F1B681302A00F0B3813023059AA9
:109C0000023804F8013C46AB1B1A9A42B8BF1A4608
:109C1000044609930392B6E02278029B682A00F07A
:109C2000A68343F04003029341E5029B002143F0E9
:109C30000203029347F630030A9AADF84C3052F80B
:109C4000043B06940A92B64A0E9200228DF84B20ED
:109C5000059A013200F07781029C53EA010024F05A
:109C60008002029240F06F8102205CE7029B069422
:109C70009E0640F187820A9B079A1B681A60D217DA
:109C80005A600A9B04330A93EDE44846FDF7D2FB81
:109C9000436818461093FDF751FC034648461D469D
:109CA0000F93FDF7C7FB83680D93002D3FF47AAD4A
:109CB0000D9B2278002B3FF4FAAC1B78002B3FF46D
:109CC000F6AC029B43F480630293F0E4029B22789B
:109CD00043F001030293EAE49DF84B302278002B15
:109CE0007FF4E5AC20238DF84B30E0E4029B227832
:109CF00043F080030293DAE4214611F8012B2A2A6B
:109D000000F01F84A2F13003092B0C4600F2E2831D
:109D10000022114614F8012B01EB810103EB4101F4
:109D2000A2F13003092BF5D90591C1E42B23227848
:109D30008DF84B30BBE42278029B6C2A00F01E8326
:109D400043F010030293B2E42D228DF84B20059AC4
:109D50005B4261EB4101013203D0029A22F08002A2
:109D600002920A2B71F1000280F0A4823033DBB240
:109D70008DF81731059B0DF21714012BB8BF012385
:109D800003930123099300230B939DF84B30002B81
:109D90003FF499AD039B0133039394E50123099AA2
:109DA0001D941B931E921C920DF1740A0AF1080A6D
:109DB000F3E5089B039D5D1B002D7FF7CFAD102DB4
:109DC00040F3B883DFF85C81D44643461026A046B2
:109DD000DDF810A01C4606E0881C19460CF1080CA2
:109DE000103D102D1ADD4B1C1032072BCCE900461C
:109DF000CDE91B32F0DD002A7BD0514648461AAA35
:109E0000FFF7B0FB00287FF438ADDDE91B12103DF1
:109E1000102D0DF1740C01F10100E4DC2346E24643
:109E2000444698462A440728CDE91B02CAF8008018
:109E3000CAF8045040F39981002A00F01383484681
:109E400004991AAAFFF78EFB00287FF416ADDDE90E
:109E50001B12059B099D0DF1740A5D1B002D01F17C
:109E600001007FF781AD102DDFF8B8802EDDD446DC
:109E70001026AA462546049C08E0881C19460CF1C9
:109E8000080CAAF1100ABAF1100F1CDD4B1C254872
:109E90001032072BCCE90006CDE91B32EDDD1AB3F9
:109EA000214648461AAAFFF75DFB00287FF4E5AC7F
:109EB000DDE91B12AAF1100ABAF1100F0DF1740CB2
:109EC00001F10100E2DC2C465546E2462A4407280F
:109ED000CDE91B02CAF80080CAF8045000F3EA80FA
:109EE0000AF1080A01303FE5012011460DF1740C1A
:109EF000C7E7012011460DF1740C71E7A2B1484685
:109F000004991AAA1193FFF72DFB00287FF4B5AC32
:109F1000DDE91B12119B0DF1740A481CFEE400BF21
:109F20006CAD000824B10008002B00F03C81022237
:109F3000012013AB1D930DF1740A1E9201460AF124
:109F4000080A013006E50E9846AC03F00F02825C69
:109F50001B0943EA0173090904F8012D53EA0102C0
:109F6000F3D1059A46AB1B1B9A42B8BF1A46099318
:109F7000039208E7102D40F3B182DFF8C082D64685
:109F80001026A2464446984608E001F1020C01461C
:109F90000EF1080E103D102D19DD481C1032072857
:109FA000CEE90046CDE91B02EFDD22B34846049915
:109FB0001AAAFFF7D7FA00287FF45FACDDE91B127D
:109FC000103D102D0DF1740E01F1010CE5DC43463E
:109FD0006046A0465446F2462A440728CDE91B02B3
:109FE000CAF80080CAF8045000F39B8001460AF1C9
:109FF000080A01307EE411464FF0010C0DF1740E99
:10A00000C8E7029B1B925C074BD5089B03995C1A1F
:10A01000002C46DD0DF1740A102C1B9940F36D8263
:10A02000DFF8188210254646DDF8108006E0881C0F
:10A0300019460AF1080A103C102C19DD4B1C10328D
:10A04000072BCAE90065CDE91B32F0DD22B341469A
:10A0500048461AAAFFF786FA00287FF40EACDDE91D
:10A060001B12103C102C0DF1740A01F10100E5DC0B
:10A07000B04622440728CAE90084CDE91B027FF7D5
:10A0800095AC72B1484604991AAAFFF76BFA0028FA
:10A090007FF4F3AB1C9A89E4012011460DF1740A98
:10A0A000C9E70399DDE907328A42ACBF9B185B1808
:10A0B000079386E4002A3FF471AE484604991AAA31
:10A0C000FFF750FA00287FF4D8AB1B981C9A0DF1CB
:10A0D000740A013048E41B92FFF7C4BB0A9A52F895
:10A0E000043B0A9214F010027FF459AD14F04000C2
:10A0F00000F05A8111469BB251E50A9850F8043B92
:10A100000A9012F010007FF4FDAC12F0400400F051
:10A11000538101469BB2F5E4012011460DF1740A0A
:10A1200018E4002A7BD0484604991AAA1193FFF735
:10A1300019FA00287FF4A1ABDDE91B12119B0DF188
:10A14000740A481CFFF7D6BB059B46AC03930993E2
:10A1500019E6059B46AC039315E6049DA86DFAF736
:10A1600001FEB5F90C20FFF75ABA01460AF1080AB8
:10A170000130FFF7F3BB029A920500F17981D917FC
:10A180000A468EE4029BDD0600F1FF80029B5C061E
:10A1900000F17A81029B980540F1F7800A9B079AAB
:10A1A0001B681A706DE5114601200DF1740AFFF766
:10A1B000D1BB0694029CE5E4029A069495E4204BF8
:10A1C00006940E93029B13F0200163D00A9B073381
:10A1D00023F007031846596850F8083B0A90029C80
:10A1E000E6070AD553EA010007D08DF84D2044F068
:10A1F0000202029230228DF84C20029A22F48062F0
:10A20000029222E50F4B06940E93DBE70A9B2DACDE
:10A210001B688DF8B4300123039309932EE49DF855
:10A220004B10002900F02A8101200DF14B021D92F4
:10A230000DF1740A02461E90FFF76CBB34B10008A2
:10A2400080AD00086CAD00080822002118A8159404
:10A25000FAF7B2FCDDF81480B8F1FF3F00F0BA80E5
:10A26000002503942C460DE02DA9484618ABFEF7B7
:10A27000A9FD411C204400F04481404507DC00F06A
:10A280005C810446159B5A590435002AECD1099487
:10A29000039CADE00A9850F8043B0A90029810F035
:10A2A00010009CD1029911F0400400F08C8001460E
:10A2B0009BB294E7029A984602F480624FF0000C39
:10A2C0001346A94D0DF58C7ECDF80CA0CDF8249049
:10A2D00007E0B8F10A0F71F100013AD3C8463146E0
:10A2E000A64618EB010242F10002A5FB020626F089
:10A2F000030000EB96004FF0CC36121AB8EB0200C8
:10A3000006FB00F661F1000AA0FB059005FB0A665A
:10A310000644052009F0010AAAFB000A80184FEA4A
:10A320005909303049EAC6790CF1010C0EF1FF34BD
:10A330000EF8010C7608002BCBD00D9A12786245EE
:10A34000C7D1BCF1FF0FC4D0B8F10A0F71F1000101
:10A3500070D2DDF80CA0DDF8249002E6029238E419
:10A360000294FEE44846FAF75DFBFFF74FB943F469
:10A370000073627802930134FFF799B943F0200328
:10A38000627802930134FFF792B90A9B079A1B681F
:10A390001A6076E4059B754C062B28BF0623CDE991
:10A3A00009360393FFF78CBA14F400713FF4F7AB4E
:10A3B0000146DBB2FFF7F3BB12F400711CBF21466C
:10A3C000DBB2FFF79FBB029911F400711CBF21465D
:10A3D000DBB204E718AB009300234846194615AAE0
:10A3E000FEF716FD03460133099000F08A801594AC
:10A3F000099B002B30D0632B4CDC00232DAC0B933E
:10A400000822002118A8FAF7D7FB099D18AB009382
:10A4100021462B46484615AAFEF7FAFC854240F035
:10A420009B800023099A0A9622EAE2710391A354C1
:10A430000593AAE40B930F9B1099E41A1A46204641
:10A44000FCF7BCFF0D990B9B4A7812B10A4601320A
:10A450000D924FF0000C41E7099B0A960393059378
:10A460000B9392E4012011460DF1740AFFF776BABE
:10A4700043F3C0110A465BB2FFF713BB114601203C
:10A480000DF1740AFFF74ABA0A9B079A1B681A80F3
:10A49000FFF7F7BB4846591CFAF7D2FD04460028DF
:10A4A0002FD00B90ACE7886DFAF75EFCFFF79DB9F3
:10A4B000059B0A96039309930B9B059365E420463D
:10A4C00005950A96FDF73AF820EAE07309900B9596
:10A4D00003935AE400230593FFF7EAB8DFF890806E
:10A4E0007AE5302344E4484604991AAAFFF73AF87B
:10A4F00000283FF4A8A9FFF7C6B9DFF87480481C0C
:10A50000B7E5049AB2F90C3043F040039381FFF7AA
:10A51000BDB9049B5B6ED90707D4049B9B899A0540
:10A5200003D4049B986DFAF71FFC4FF0FF33079399
:10A53000FFF7B4B9DFF83C8074E4059B039C0993F2
:10A5400056E70A9B62780C4653F8041B0A9341EACB
:10A55000E1730593FFF7ABB8049A938943F0400386
:10A560009381FFF78AB900BFCDCCCCCC94AD000865
:10A5700034B1000824B10008F0B50026ADF26C4DEE
:10A580001AAD4FF480641F46009504950696154653
:10A5900006468B8916A823F00203ADF80C304B6EEB
:10A5A00005941993CB890294ADF80E30CB690C4613
:10A5B00007934B6A0993FAF7D1FB2A463B46694653
:10A5C0003046FFF70BF8051E07DB69463046FCF7FF
:10A5D000CBFE002818BF4FF0FF35BDF80C305B06EE
:10A5E00003D5A38943F04003A3811698FAF7B8FB7B
:10A5F00028460DF26C4DF0BD9368002B00F0F08002
:10A600002DE9F04FB1F90CC090461CF0080F8146BF
:10A610000C4683B02BD00B694BB31CF00207D8F863
:10A62000006032D04FF0000A5546D4F824B0E169FA
:10A63000AB4FC5B1BD422B46524628BF3B464846AC
:10A64000D847002840F3C280D8F8083082441B1A4B
:10A650002D1AC8F80830002B00F0AE80D4F824B0D2
:10A66000E169002DE6D1D6E900A50836E1E72146EB
:10A67000484600F037F9002840F0AD80B4F90CC02E
:10A68000D8F800601CF00207CCD11CF0010A63D19D
:10A6900057462368A16818468B46002F58D01CF4F3
:10A6A000007F00F0B180B9420A4600F2DD801CF460
:10A6B000906F2FD0216962695D1A02EB420202EBB2
:10A6C000D2726B1C52103B44934292BF93469B46FE
:10A6D0001A461CF4806F00F0E68011464846FAF7EF
:10A6E000AFFC002800F0F5802A4621690190F6F7BA
:10A6F0009FF9A289019B22F4906242F08002A2811C
:10A700005819C4F814B0ABEB05053A46BB462361B3
:10A71000A56020603D46002751460192FEF70CFCE3
:10A72000A1682368019AA1EB0B011A44A160226081
:10A73000D8F80830AA445B1BC8F80830002B3BD07F
:10A740002368A16818468B46B4F90CC0002FA6D127
:10A75000D6E900A708369EE73846BB463D46002DA1
:10A7600040D0002845D03A46D4E904C32068AA4224
:10A7700028BF2A466045A16804D901EB030A524567
:10A7800000F38280934272DC5A464846E169D4F86D
:10A7900024C0E047B0F1000A18DDB7EB0A070FD07C
:10A7A0000120D8F80830D344A3EB0A03A5EB0A052F
:10A7B000C8F80830002BD2D1002003B0BDE8F08FDC
:10A7C00021464846FCF7D0FD0028EAD0B4F90C3009
:10A7D00043F04003A3814FF0FF3003B0BDE8F08F9A
:10A7E00000207047756833460836002DFAD0D3F83C
:10A7F00000B02A460A215846FCF754FE002865D0CE
:10A800000130A0EB0B07AEE722699A4214D36569C9
:10A81000BD4211D86FF00043BB4228BF3B4693FBBB
:10A82000F5F3524605FB03F34846656AE169A8471C
:10A83000051ECBDD7F1B7BE7B94228BF39460D469D
:10A84000184651462A46FEF777FBA1682368491B44
:10A850002B44A16023600029ECD121464846FCF737
:10A8600083FD0028E6D0B1E7BB463A4652E7594699
:10A8700092460192FEF760FBA368019A9B1AA360BF
:10A8800023681344236088E759465246FEF754FB79
:10A8900023682146534448462360FCF765FD0028A1
:10A8A0003FF47BAF92E74846FEF71AFC03460028C8
:10A8B0007FF426AF48462169FAF7C4FA0C22B4F9AE
:10A8C0000C30C9F8002023F0800381E76A1C17468A
:10A8D0004AE70C22B4F90C30C9F8002078E700BF31
:10A8E00000FCFF7F38B52E4B05461B680C4613B1A4
:10A8F0005A6B002A4BD0B4F90C3018071CD52269CA
:10A9000022B313F0010107D000206169A060494221
:10A91000A1613AB1002038BD980758BF6169A160B4
:10A92000002AF7D1190658BF1046F4D543F040036A
:10A930004FF0FF30A38138BDD9062CD55A0712D469
:10A94000226943F00803A381002ADAD103F42071BD
:10A95000B1F5007FD5D02146284600F099F8B4F92A
:10A960000C302269CDE7216B51B104F140029142D4
:10A9700004D02846FAF766FAB4F90C3000222263B4
:10A980000021226923F02403C4E90021D9E71846F5
:10A99000FAF748F8AFE7092243F040032A60C7E717
:10A9A0001800002070B582B006460D461446FCF72C
:10A9B0003BFD012802D16B1EFE2B26D904F15C035E
:10A9C0002A46304601A9FEF7FDF9431C20D078B194
:10A9D000A3689DF80410013B002BA36004DAA26970
:10A9E000934208DB0A2906D023685A1C226019709A
:10A9F000284602B070BD2246304600F0B7F801305C
:10AA0000F6D14FF0FF3002B070BD8DF80450DFE793
:10AA1000A3894FF0FF3043F04003A381F3E700BF69
:10AA200030B51446526E0546D007B4F90C3083B0E9
:10AA300001D49A051CD5980406D4626E43F40053E1
:10AA400042F40052A381626622462846FFF7AAFF1D
:10AA5000636E0546DA0702D4A3899B0502D5284612
:10AA600003B030BDA06DFAF77FF9284603B030BDC2
:10AA7000A06D0191FAF776F9B4F90C300199DAE793
:10AA8000062008B500F0C8F80120F6F78DFD00BFDC
:10AA90002DE9F041B1F90C300C46990796B008D574
:10AAA000012204F14303C4E90432236016B0BDE877
:10AAB000F081B4F90E100646002926DB6A4600F044
:10AAC000D7F800281FDB019D4FF4806805F470451E
:10AAD000A5F50055B5FA85F54FF400676D094146B7
:10AAE0003046FAF7ADFAE8B1B4F90C30C4F8148086
:10AAF00043F0800320602061A3813DBB3B43A381E1
:10AB000016B0BDE8F081B4F90C3013F0800519D00F
:10AB10004FF040080025414630462F46FAF790FA9C
:10AB20000028E1D1B4F90C309A05BFD4012123F0FB
:10AB3000030304F1430243F00203C4E90421A381A7
:10AB40002260B3E74FF480682F46C8E73046B4F977
:10AB50000E1000F0A1F810B9B4F90C30CEE7A389BB
:10AB600023F0030343F001031BB2C7E7F8B5064621
:10AB70000D46144610B1436B002B4AD0B4F90C209B
:10AB8000A3691007A3601BD52369CBB1EDB2910473
:10AB90002F4621D522686169D31A994228DD0133F5
:10ABA000A1680139A160511C2160157062699A4247
:10ABB00026D0A389DB0701D50A2D21D03846F8BD60
:10ABC00021463046FFF78EFE00BBB4F90C20EDB2F3
:10ABD00091042F462369DDD442F40052A281626EB3
:10ABE000616922F4005262662268D31A9942D6DC67
:10ABF00021463046FCF7B8FB40B901232268CFE775
:10AC000021463046FCF7B0FB0028D7D04FF0FF3785
:10AC1000D4E7F9F707FFB1E738B5144B1F281D68D3
:10AC20001ED8D5F81821044662B152F820304BB135
:10AC3000012B05D0591C0FD0002142F82010984755
:10AC4000002038BD284600F04DF82246014628462F
:10AC5000BDE8384000F032B8162301202B6038BD23
:10AC600016234FF0FF302B6038BD00BF18000020C6
:10AC700070B50026074D0446084611462E60F6F7CB
:10AC8000BAFC431C00D070BD2B68002BFBD02360A6
:10AC900070BD00BFF40B0020002238B5064D0446FD
:10ACA00008462A60F6F7ACFC431C00D038BD2B6880
:10ACB000002BFBD0236038BDF40B002070B50026BC
:10ACC000074D0446084611462E60F6F765FC431C06
:10ACD00000D070BD2B68002BFBD0236070BD00BF7F
:10ACE000F40B0020F6F756BCF8B500BFF8BC08BC62
:10ACF0009E467047F8B500BFF8BC08BC9E4670473A
:10AD000025662C2025662C2025642C2025642C20EB
:10AD100025642C2025640D0A0000000000000000BE
:10AD2000010203040000000000000000010203040F
:10AD300006070809010200000203040506070809C6
:10AD40000A0B0C0D0E0F1010010200000203040587
:10AD5000060708090A0B0C0D0E0F1010494E46008D
:10AD6000696E66004E414E006E616E0030313233C6
:10AD70003435363738396162636465660000000037
:10AD80003031323334353637383941424344454621
:10AD900000000000286E756C6C2900003000000077
:10ADA00030303030303030303030303030303030A3
:10ADB0002020202020202020202020202020202093
:10ADC0002E0000004C435F434F4C4C415445000063
:10ADD0004C435F4354595045000000004C435F4DC5
:10ADE0004F4E4554415259004C435F4E554D4552CC
:10ADF000494300004C435F54494D45004C435F4D6F
:10AE00004553534147455300496E66696E697479ED
:10AE1000000000004E614E0042616C6C6F63207355
:10AE20007563636565646564000000002F64617488
:10AE3000612F6A656E6B696E732F776F726B7370BB
:10AE40006163652F474E552D746F6F6C6368616940
:10AE50006E2F61726D2D31322F7372632F6E657795
:10AE60006C69622D63796777696E2F6E65776C699F
:10AE7000622F6C6962632F7374646C69622F6474EF
:10AE80006F612E63000000002F646174612F6A659A
:10AE90006E6B696E732F776F726B73706163652F62
:10AEA000474E552D746F6F6C636861696E2F6172C8
:10AEB0006D2D31322F7372632F6E65776C69622D41
:10AEC00063796777696E2F6E65776C69622F6C693D
:10AED00062632F7374646C69622F6D707265632E88
:10AEE0006300000005000000190000007D00000064
:10AEF0000080E03779C34143176E05B5B5B8934676
:10AF0000F5F93FE9034F384D321D30F94877825A41
:10AF10003CBF737FDD4F1575000000000000F03F5F
:10AF20000000000000002440000000000000594024
:10AF30000000000000408F40000000000088C34077
:10AF400000000000006AF8400000000080842E41EC
:10AF500000000000D01263410000000084D7974138
:10AF60000000000065CDCD41000000205FA002423E
:10AF7000000000E876483742000000A2941A6D42B3
:10AF8000000040E59C30A2420000901EC4BCD642A6
:10AF900000003426F56B0C430080E03779C3414351
:10AFA00000A0D8855734764300C84E676DC1AB43C7
:10AFB000003D9160E458E143408CB5781DAF1544E5
:10AFC00050EFE2D6E41A4B4492D54D06CFF08044C0
:10AFD000F64AE1C7022DB544B49DD9794378EA44D5
:10AFE0000020202020202020202028282828282059
:10AFF0002020202020202020202020202020202051
:10B0000020881010101010101010101010101010B8
:10B0100010040404040404040404041010101010A8
:10B020001010414141414141010101010101010172
:10B0300001010101010101010101010110101010C4
:10B040001010424242424242020202020202020244
:10B050000202020202020202020202021010101098
:10B0600020000000000000000000000000000000C0
:10B0700000000000000000000000000000000000D0
:10B0800000000000000000000000000000000000C0
:10B0900000000000000000000000000000000000B0
:10B0A00000000000000000000000000000000000A0
:10B0B0000000000000000000000000000000000090
:10B0C0000000000000000000000000000000000080
:10B0D0000000000000000000000000000000000070
:10B0E000000000002C2066756E6374696F6E3A2054
:10B0F00000000000617373657274696F6E20222511
:10B100007322206661696C65643A2066696C65200B
:10B11000222573222C206C696E65202564257325F9
:10B12000730A000030303030303030303030303062
:10B1300030303030202020202020202020202020CF
:04B14000202020208B
:08B14400EC58FF7F0100000040
:08B14C006D4D000835110008EB
:04B154000D110008D1
:10B1580000127A000100000010000000000000004A
:10B1680003000000B80A00202000002000000000B2
:10B1780000000000B80A0020200B0020880B0020E7
:10B1880000000000000000000000000000000000B7
:10B1980000000000000000000000000000000000A7
:10B1A8000000000000000000000000000000000097
:10B1B8000000000000000000000000000000000087
:10B1C8000000000000000000000000000000000077
:10B1D8000000000000000000000000000000000067
:10B1E8000000000000000000000000000000000057
:10B1F8000000000000000000000000000000000047
:10B208000000000000000000010000000000000035
:10B218000E33CDAB34126DE6ECDE05000B000000FA
:10B228000000000000000000000000000000000016
:10B238000000000000000000000000000000000006
:10B2480000000000000000000000000000000000F6
:10B2580000000000000000000000000000000000E6
:10B2680000000000000000000000000000000000D6
:10B2780000000000000000000000000000000000C6
:10B2880000000000000000000000000000000000B6
:10B29800FC0B0020FFFFFFFF000002000000000081
:10B2A80000000000000000005001002050010020B4
:10B2B8005801002058010020600100206001002092
:10B2C8006801002068010020700100207001002042
:10B2D80078010020780100208001002080010020F2
:10B2E80088010020880100209001002090010020A2
:10B2F8009801002098010020A0010020A001002052
:10B30800A8010020A8010020B0010020B001002001
:10B31800B8010020B8010020C0010020C0010020B1
:10B32800C8010020C8010020D0010020D001002061
:10B33800D8010020D8010020E0010020E001002011
:10B34800E8010020E8010020F0010020F0010020C1
:10B35800F8010020F801002000020020000200206F
:10B36800080200200802002010020020100200201D
:10B3780018020020180200202002002020020020CD
:10B38800280200202802002030020020300200207D
:10B39800380200203802002040020020400200202D
:10B3A80048020020480200205002002050020020DD
:10B3B800580200205802002060020020600200208D
:10B3C800680200206802002070020020700200203D
:10B3D80078020020780200208002002080020020ED
:10B3E800880200208802002090020020900200209D
:10B3F8009802002098020020A0020020A00200204D
:10B40800A8020020A8020020B0020020B0020020FC
:10B41800B8020020B8020020C0020020C0020020AC
:10B42800C8020020C8020020D0020020D00200205C
:10B43800D8020020D8020020E0020020E00200200C
:10B44800E8020020E8020020F0020020F0020020BC
:10B45800F8020020F802002000030020000300206A
:10B468000803002008030020100300201003002018
:10B4780018030020180300202003002020030020C8
:10B488002803002028030020300300203003002078
:10B498003803002038030020400300204003002028
:10B4A80048030020480300205003002050030020D8
:10B4B8005803002058030020600300206003002088
:10B4C8006803002068030020700300207003002038
:10B4D80078030020780300208003002080030020E8
:10B4E8008803002088030020900300209003002098
:10B4F8009803002098030020A0030020A003002048
:10B50800A8030020A8030020B0030020B0030020F7
:10B51800B8030020B8030020C0030020C0030020A7
:10B52800C8030020C8030020D0030020D003002057
:10B53800D8030020D8030020E0030020E003002007
:10B54800E8030020E8030020F0030020F0030020B7
:10B55800F8030020F8030020000400200004002065
:10B568000804002008040020100400201004002013
:10B5780018040020180400202004002020040020C3
:10B588002804002028040020300400203004002073
:10B598003804002038040020400400204004002023
:10B5A80048040020480400205004002050040020D3
:10B5B8005804002058040020600400206004002083
:10B5C8006804002068040020700400207004002033
:10B5D80078040020780400208004002080040020E3
:10B5E8008804002088040020900400209004002093
:10B5F8009804002098040020A0040020A004002043
:10B60800A8040020A8040020B0040020B0040020F2
:10B61800B8040020B8040020C0040020C0040020A2
:10B62800C8040020C8040020D0040020D004002052
:10B63800D8040020D8040020E0040020E004002002
:10B64800E8040020E8040020F0040020F0040020B2
:10B65800F8040020F8040020000500200005002060
:10B66800080500200805002010050020100500200E
:10B6780018050020180500202005002020050020BE
:10B68800280500202805002030050020300500206E
:10B69800380500203805002040050020400500201E
:10B6A8004805002048050020430000000000000075
:10B6B8000000000000000000000000000000000082
:10B6C800000000000000000043000000000000002F
:10B6D8000000000000000000000000000000000062
:10B6E800000000000000000043000000000000000F
:10B6F8000000000000000000000000000000000042
:10B7080000000000000000004300000000000000EE
:10B718000000000000000000000000000000000021
:10B7280000000000000000004300000000000000CE
:10B738000000000000000000000000000000000001
:10B7480000000000000000004300000000000000AE
:10B7580000000000000000000000000000000000E1
:10B76800000000000000000043000000000000008E
:10B7780000000000000000000000000000000000C1
:10B788000000000000000000A98D00081D860008C8
:10B7980000000000E0AF0008C0AD000818AD0008C8
:10B7A80018AD000818AD000818AD000818AD00085D
:10B7B80018AD000818AD000818AD000818AD00084D
:10B7C800FFFFFFFFFFFFFFFFFFFFFFFFFFFF00007F
:10B7D80001004153434949000000000000000000F7
:10B7E8000000000000000000000000000000000051
:10B7F80000004153434949000000000000000000D8
:10B808000000000000000000000000000000000030
:04B81800000000002C
:04000005080018B91E
:00000001FF
